Project, Author, com.tjerkw.slideexpandable.library.SlideExpandableListAdapter, android.util.SparseIntArray, java.lang.Integer, int, float, java.util.Map, android.os.Parcelable, boolean, android.database.DataSetObserver, com.tjerkw.slideexpandable.library.ActionSlideExpandableListView$OnActionClickListener, java.lang.String, android.widget.Button, android.view.animation.Transformation, long, LinearLayout.LayoutParams, android.widget.ListView, com.tjerkw.slideexpandable.library.AdapterView, AbstractSlideExpandableListAdapter, android.content.Context, android.view.animation.Animation, android.view.ViewGroup, android.widget.ListAdapter, android.view.View, android.util.AttributeSet, android.os.Bundle, java.lang.reflect.Array, com.tjerkw.slideexpandable.library.ActionSlideExpandableListView, SlideExpandableListAdapter, 
Android-SlideExpandableListView/, kquan, 0, 0, 0, 0, 0, 0, 0, 0, 0, 0, 0, 0, 0, 0, 0, 0, 0, 0, 0, 0, 0, 0, 0, 0, 0, 0, 0, 0, 
Android-SlideExpandableListView/, Marco, 0, 0, 0, 0, 0, 0, 0, 0, 0, 0, 0, 0, 0, 0, 0, 0, 0, 0, 0, 0, 0, 0, 0, 0, 0, 0, 0, 0, 
Android-SlideExpandableListView/, Ali, 0, 0, 0, 0, 0, 0, 0, 0, 0, 0, 0, 0, 0, 0, 0, 0, 0, 0, 0, 0, 0, 0, 0, 0, 0, 0, 0, 0, 
Android-SlideExpandableListView/, Dino, 0, 0, 0, 0, 0, 0, 0, 0, 0, 0, 0, 0, 0, 0, 0, 0, 0, 0, 0, 0, 0, 0, 0, 0, 0, 0, 0, 0, 
Android-SlideExpandableListView/, grivos, 0, 1, 0, 0, 0, 0, 0, 0, 0, 0, 0, 0, 0, 0, 0, 0, 0, 0, 0, 0, 0, 0, 0, 0, 0, 0, 0, 0, 
Android-SlideExpandableListView/, Johannes, 0, 0, 0, 0, 0, 0, 0, 0, 0, 0, 0, 0, 0, 0, 0, 0, 0, 0, 0, 0, 0, 0, 0, 0, 0, 0, 0, 0, 
Android-SlideExpandableListView/, Pascal, 0, 0, 0, 0, 0, 0, 0, 0, 0, 0, 0, 0, 0, 0, 0, 0, 0, 0, 0, 0, 0, 0, 0, 0, 0, 0, 0, 0, 
Android-SlideExpandableListView/, Yan, 0, 0, 0, 0, 0, 0, 0, 0, 0, 0, 0, 0, 0, 0, 0, 0, 0, 0, 0, 0, 0, 0, 0, 0, 0, 0, 0, 0, 
Android-SlideExpandableListView/, rekimom, 0, 0, 0, 0, 0, 0, 0, 0, 0, 0, 0, 0, 0, 0, 0, 0, 0, 0, 0, 0, 0, 0, 0, 0, 0, 0, 0, 0, 
Android-SlideExpandableListView/, Guillermo, 0, 0, 0, 0, 0, 0, 0, 0, 0, 0, 0, 0, 0, 0, 0, 0, 0, 0, 0, 0, 0, 0, 0, 0, 0, 0, 0, 0, 
Android-SlideExpandableListView/, hsy, 0, 0, 0, 0, 0, 0, 0, 1, 0, 0, 0, 0, 0, 0, 0, 0, 0, 0, 0, 0, 0, 0, 0, 0, 0, 0, 0, 0, 
Android-SlideExpandableListView/, Tjerk, 2, 1, 2, 89, 3, 1, 2, 1, 10, 6, 3, 1, 3, 2, 3, 2, 2, 2, 18, 5, 7, 24, 59, 12, 4, 10, 3, 3, 
Android-SlideExpandableListView/, Jesse, 1, 0, 0, 4, 0, 0, 1, 0, 0, 0, 0, 0, 0, 0, 0, 0, 0, 1, 0, 0, 0, 1, 2, 0, 0, 0, 0, 0, 
