Project, Author, org.projectodd.stilts.stomplet.server.StompletServer, org.apache.naming.resources.ResourceCache, java.util.concurrent.ExecutorCompletionService, org.hornetq.api.core.client.ClientConsumer, org.jboss.jca.common.api.metadata.ds.Validation, org.projectodd.polyglot.web.AttachmentKey, org.projectodd.polyglot.jobs.BaseJob, org.jboss.as.server.deployment.DeploymentUnit, org.projectodd.polyglot.core.util.AttachmentKey, HasStartStopLatches, org.jboss.modules.Resource, org.projectodd.polyglot.web.WebApplicationMetaData, org.projectodd.polyglot.messaging.destinations.DestroyableJMSTopicService, org.projectodd.polyglot.messaging.destinations.processors.TopicInstaller$ReconfigurationValidator, org.jboss.vfs.VirtualFile, org.projectodd.polyglot.stomp.StompApplicationMetaData, org.jboss.as.naming.deployment.ContextNames, StompApplicationMetaData, MockDeploymentPhaseContext, org.projectodd.polyglot.stomp.HttpStompSessionManagerService, java.util.List, org.projectodd.polyglot.messaging.destinations.processors.DestinationInstaller$ValidatorFactory, org.infinispan.configuration.cache.ConfigurationBuilder, org.jboss.vfs.VirtualFileFilter, ?extendsorg.quartz.Job, MessageProcessorService, org.projectodd.polyglot.cache.as.CacheService, java.util.concurrent.Future, org.jboss.as.server.deployment.DeploymentMountProvider, java.util.regex.Pattern, org.jboss.msc.service.ServiceRegistry, org.projectodd.stilts.conduit.stomp.SimpleStompSessionManager, org.jboss.msc.service.ServiceTarget, org.projectodd.polyglot.hasingleton.HASingletonCoordinator, org.jboss.as.controller.ExtensionContext, org.jboss.as.connector.subsystems.datasources.DataSourceReferenceFactoryService, JobListener, org.jboss.msc.service.ServiceName, org.projectodd.polyglot.stomp.StompEndpointBinding, org.projectodd.polyglot.test.as.MockDeploymentPhaseContext, org.jboss.as.controller.SubsystemRegistration, org.projectodd.polyglot.test.as.ServiceListener, org.quartz.SimpleScheduleBuilder, org.jboss.as.connector.registry.DriverRegistry, org.apache.catalina.Host, org.projectodd.polyglot.jobs.BaseJobScheduler, org.projectodd.polyglot.hasingleton.as.HASingletonSubsystemParser, org.jboss.as.controller.registry.ManagementResourceRegistration, org.projectodd.polyglot.stomp.InsecureStompConnectorService, short, java.security.KeyStore, java.util.concurrent.CountDownLatch, org.jboss.jca.common.api.metadata.common.Recovery, org.quartz.TriggerBuilder, org.jboss.msc.service.ServiceController, WebApplicationMetaData, org.jboss.modules.Module, org.projectodd.polyglot.stomp.SecureStompConnectorService, org.jboss.as.controller.registry.Resource, org.projectodd.polyglot.hasingleton.as.HASingletonSubsystemAdd, java.sql.Driver, org.jboss.dmr.ModelNode, java.lang.reflect.Array, org.projectodd.polyglot.cache.as.CacheSubsystemAdd, org.projectodd.polyglot.test.as.MockServiceRegistry, org.projectodd.polyglot.messaging.destinations.DestroyableJMSQueueService, org.jboss.modules.ModuleLoader, DriverService, org.projectodd.polyglot.messaging.MessageProcessorService, org.hornetq.jms.client.HornetQSession, java.util.Enumeration, org.jboss.jca.common.api.metadata.common.FlushStrategy, org.jboss.as.server.deployment.module.MountHandle, org.projectodd.polyglot.jobs.JobListener, org.projectodd.stilts.conduit.spi.StompSessionManager, org.quartz.impl.StdSchedulerFactory, org.jboss.as.naming.service.BinderService, org.projectodd.polyglot.messaging.destinations.QueueMetaData, org.projectodd.polyglot.messaging.InjectedValue, org.jboss.modules.ResourceLoader, org.jboss.jca.common.api.metadata.ds.Statement, java.util.ArrayList, org.jboss.as.controller.parsing.ExtensionParsingContext, org.jboss.as.naming.service.NamingStoreService, javax.naming.InitialContext, org.quartz.CronTrigger, java.lang.Exception, javax.jms.MessageConsumer, java.util.ResourceBundle, org.jboss.staxmapper.XMLExtendedStreamWriter, org.quartz.Scheduler, org.apache.catalina.Manager, org.quartz.Trigger, org.projectodd.polyglot.core.processors.AttachmentKey, org.projectodd.polyglot.core.ServiceSynchronizationManager, org.jboss.msc.service.ServiceBuilder.DependencyType, java.util.concurrent.ExecutorService, org.jboss.as.clustering.jgroups.ChannelFactory, DestroyableJMSQueueService, org.projectodd.polyglot.core.app.AttachmentKey, org.projectodd.polyglot.core.datasource.InjectedValue, org.jgroups.Channel, org.projectodd.polyglot.jobs.NotifiableJob, org.projectodd.polyglot.stomp.StompletContainerService, org.jboss.as.controller.OperationContext, java.lang.reflect.Method, java.lang.Class, org.jboss.as.controller.ServiceVerificationHandler, java.lang.Runnable, org.infinispan.manager.CacheContainer, org.projectodd.polyglot.core.datasource.db.Adapter, java.util.concurrent.ConcurrentMap, org.jboss.msc.service.ServiceController.Transition, org.projectodd.polyglot.stomp.StompletServerService, org.jboss.as.clustering.CoreGroupCommunicationService, org.jboss.as.server.deployment.DeploymentPhaseContext, org.projectodd.polyglot.core_extensions.Service, org.projectodd.polyglot.messaging.destinations.processors.QueueInstaller$ReconfigurationValidator, org.jboss.msc.service.StartContext, org.apache.catalina.Context, org.projectodd.polyglot.messaging.BaseMessageProcessorGroup, org.projectodd.polyglot.stomp.InjectedValue, javax.jms.Connection, org.projectodd.polyglot.core.util.DeprecationLogger, org.hornetq.jms.client.HornetQConnectionFactory, org.jboss.as.controller.registry.ImmutableManagementResourceRegistration, org.jboss.msc.service.ValueService, java.io.File, StompEndpointBinding, org.projectodd.polyglot.web.InjectedValue, org.projectodd.polyglot.jobs.InjectedValue, org.jboss.as.server.deployment.module.ResourceRoot, org.jboss.msc.service.ServiceBuilder, org.projectodd.polyglot.stomp.SSLContextService, org.projectodd.polyglot.core.util.BuildInfo, org.projectodd.polyglot.test.as.Injector, org.quartz.JobKey, ?, org.apache.catalina.connector.Connector, java.util.Map, org.jboss.as.web.VirtualHost, org.projectodd.polyglot.hasingleton.ServiceController, java.net.URL, boolean, java.io.Closeable, long, org.projectodd.polyglot.core.Service, org.jboss.as.network.SocketBinding, org.projectodd.polyglot.core_extensions.MBeanRegistrationService, org.jboss.as.connector.subsystems.datasources.ModifiableXaDataSource, java.lang.String, org.jboss.msc.service.StartException, org.jboss.as.connector.services.driver.registry.DriverRegistry, org.jboss.msc.service.ServiceController.State, java.util.concurrent.atomic.AtomicInteger, java.io.InputStream, org.jboss.as.messaging.jms.JMSQueueService, java.lang.Integer, javax.servlet.http.HttpServletRequest, java.util.concurrent.TimeUnit, org.jboss.as.connector.registry.InstalledDriver, org.projectodd.polyglot.core.processors.DescriptorRootMountProcessor, org.projectodd.stilts.stomp.server.Connector, org.projectodd.polyglot.xa.datasource.db.Adapter, java.lang.ClassLoader, org.jboss.jca.common.api.metadata.ds.TransactionIsolation, org.projectodd.polyglot.messaging.destinations.DestinationService, org.jboss.modules.ModuleClassLoader, javax.transaction.TransactionManager, java.lang.StringBuilder, org.quartz.JobDetail, org.quartz.spi.JobFactory, org.projectodd.polyglot.core.util.TimeInterval, org.hornetq.api.core.client.ClientMessage, org.jboss.as.network.NetworkInterfaceBinding, java.lang.Iterable, org.projectodd.polyglot.stomp.as.StompSubsystemAdd, org.projectodd.polyglot.cache.as.CacheSubsystemParser, java.util.Locale, org.jboss.as.messaging.jms.JMSTopicService, org.apache.coyote.ProtocolHandler, org.jboss.as.naming.ManagedReferenceFactory, org.jboss.as.server.deployment.DeploymentUnitProcessor, DestroyableJMSTopicService, BaseMessageProcessor, java.lang.Object, org.jboss.as.naming.ManagedReference, org.projectodd.polyglot.stomp.StompEndpointBindingService, javax.jms.XASession, org.jboss.msc.service.ServiceController.Mode, org.hornetq.jms.client.HornetQMessage, org.jboss.as.connector.services.driver.InstalledDriver, javax.jms.XAConnection, BaseJobScheduler, org.projectodd.polyglot.messaging.destinations.processors.DestinationInstaller$DestinationServiceFactory, java.util.regex.Matcher, javax.servlet.http.HttpServletResponse, org.projectodd.polyglot.hasingleton.InjectedValue, javax.net.ssl.KeyManagerFactory, org.jboss.msc.service.ServiceListener.Inheritance, org.projectodd.polyglot.test.as.MockServiceTarget, org.projectodd.stilts.stomplet.container.SimpleStompletContainer, java.util.Properties, org.quartz.impl.JobDetailImpl, org.jboss.logging.Logger, JMSTopicService, int, org.jboss.as.web.WebVirtualHostService, java.lang.Long, org.projectodd.polyglot.test.as.Value, java.util.Collection, java.util.Date, DestinationService, javax.net.ssl.SSLContext, org.jboss.msc.service.StopContext, javax.jms.Session, java.util.Map$Entry, org.infinispan.manager.EmbeddedCacheManager, org.jboss.as.server.DeploymentProcessorTarget, ?extendsorg.projectodd.polyglot.messaging.BaseMessageProcessor, org.projectodd.polyglot.test.as.MockDeploymentUnit, org.projectodd.polyglot.stomp.StompletMetaData, org.projectodd.polyglot.stomp.HttpStompSessionManager, org.jboss.staxmapper.XMLExtendedStreamReader, java.lang.StringBuffer, org.projectodd.polyglot.messaging.destinations.AttachmentKey, org.projectodd.polyglot.messaging.destinations.TopicMetaData, org.jboss.as.controller.descriptions.DescriptionProvider, org.projectodd.polyglot.hasingleton.Value, org.projectodd.polyglot.stomp.AttachmentKey, javax.jms.Destination, CoordinationMapService, org.projectodd.polyglot.test.as.MockServiceBuilder, org.jboss.modules.ModuleIdentifier, org.jboss.as.network.SocketBindingManager, java.lang.Void, org.jboss.msc.service.ServiceListener, org.projectodd.polyglot.core.as.AttachmentKey, org.jboss.as.connector.subsystems.datasources.XaDataSourceService, org.jboss.msc.value.InjectedValue, org.projectodd.polyglot.core.InjectedValue, org.jboss.as.clustering.impl.CoreGroupCommunicationService, org.jboss.as.clustering.ClusterNode, org.quartz.TriggerKey, I, HASingletonCoordinatorService, org.projectodd.polyglot.core.datasource.ServiceController, java.util.Set, org.projectodd.polyglot.core.as.GenericSubsystemDescribeHandler, org.apache.naming.resources.CacheEntry, org.jboss.as.controller.persistence.SubsystemMarshallingContext, org.quartz.JobExecutionContext, ServiceController.Transition, java.util.concurrent.ScheduledExecutorService, java.lang.Boolean, org.projectodd.polyglot.test.as.Service, org.jboss.as.server.deployment.module.ModuleSpecification, org.projectodd.polyglot.messaging.destinations.processors.DestinationInstaller$ReconfigurationValidator, java.lang.reflect.Field, javax.servlet.http.HttpSession, java.lang.Thread, org.projectodd.polyglot.core.MBeanRegistrationService, org.jboss.as.controller.PathElement, org.projectodd.polyglot.stomp.as.StompSubsystemParser, org.jboss.jca.common.api.metadata.ds.TimeOut, org.jboss.msc.service.Service, org.projectodd.polyglot.messaging.BaseMessageProcessor, org.projectodd.polyglot.xa.datasource.InjectedValue, javax.jms.Message, java.net.InetAddress, org.jboss.jca.common.api.metadata.common.Extension, org.projectodd.polyglot.messaging.destinations.DestinationPointerService, org.projectodd.polyglot.test.as.AttachmentKey, org.projectodd.polyglot.xa.datasource.ServiceController, org.projectodd.polyglot.core.app.ApplicationMetaData, 
jboss-polyglot/, TorqueBox, 0, 0, 0, 0, 0, 0, 0, 0, 0, 0, 0, 0, 0, 0, 0, 0, 0, 0, 0, 0, 0, 0, 0, 0, 0, 0, 0, 0, 0, 0, 0, 0, 0, 0, 0, 0, 0, 0, 0, 0, 0, 0, 0, 0, 0, 0, 0, 0, 0, 0, 0, 0, 0, 0, 0, 0, 0, 0, 0, 0, 0, 0, 0, 0, 0, 0, 0, 0, 0, 0, 0, 0, 0, 0, 0, 0, 0, 0, 0, 0, 0, 0, 0, 0, 0, 0, 0, 0, 0, 0, 0, 0, 0, 0, 0, 0, 0, 0, 0, 0, 0, 0, 0, 0, 0, 0, 0, 0, 0, 0, 0, 0, 0, 0, 0, 0, 0, 0, 0, 0, 0, 0, 0, 0, 0, 0, 0, 0, 0, 0, 0, 0, 0, 0, 0, 0, 0, 0, 0, 0, 0, 0, 0, 0, 0, 0, 0, 0, 0, 0, 0, 0, 0, 0, 0, 0, 0, 0, 0, 0, 0, 0, 0, 0, 0, 0, 0, 0, 0, 0, 0, 0, 0, 0, 0, 0, 0, 0, 0, 0, 0, 0, 0, 0, 0, 0, 0, 0, 0, 0, 0, 0, 0, 0, 0, 0, 0, 0, 0, 0, 0, 0, 0, 0, 0, 0, 0, 0, 0, 0, 0, 0, 0, 0, 0, 0, 0, 0, 0, 0, 0, 0, 0, 0, 0, 0, 0, 0, 0, 0, 0, 0, 0, 0, 0, 0, 0, 0, 0, 0, 0, 0, 0, 0, 0, 0, 0, 0, 0, 0, 0, 0, 0, 0, 0, 0, 0, 0, 0, 0, 0, 0, 0, 0, 0, 0, 0, 0, 0, 0, 0, 0, 0, 0, 0, 
jboss-polyglot/, Lance, 0, 0, 0, 0, 0, 0, 0, 2, 0, 0, 0, 0, 0, 0, 0, 0, 0, 0, 0, 0, 2, 0, 0, 0, 0, 0, 0, 0, 0, 0, 0, 0, 0, 0, 1, 0, 0, 1, 0, 0, 1, 0, 0, 0, 0, 0, 0, 1, 0, 0, 0, 0, 0, 0, 0, 0, 0, 0, 0, 0, 0, 9, 0, 1, 0, 0, 2, 0, 0, 0, 0, 0, 0, 0, 0, 0, 0, 0, 0, 0, 0, 0, 1, 0, 1, 0, 0, 0, 2, 1, 0, 0, 0, 0, 0, 0, 0, 0, 0, 0, 0, 0, 0, 0, 1, 0, 0, 1, 0, 1, 0, 0, 0, 0, 0, 1, 0, 0, 2, 0, 0, 0, 0, 0, 0, 0, 0, 0, 0, 0, 0, 0, 0, 0, 0, 0, 0, 0, 0, 0, 0, 0, 0, 0, 0, 0, 0, 0, 0, 0, 2, 0, 0, 0, 0, 0, 0, 0, 0, 0, 0, 0, 0, 0, 0, 0, 0, 0, 0, 0, 0, 0, 0, 0, 0, 0, 0, 1, 3, 0, 0, 0, 0, 0, 0, 0, 0, 0, 0, 0, 0, 0, 0, 0, 0, 0, 0, 0, 0, 0, 0, 0, 0, 0, 4, 0, 0, 0, 0, 0, 0, 0, 0, 0, 1, 0, 0, 0, 2, 0, 0, 0, 0, 1, 0, 0, 0, 2, 0, 0, 0, 0, 0, 3, 0, 0, 0, 0, 0, 0, 0, 0, 0, 0, 0, 0, 0, 0, 0, 0, 1, 0, 0, 0, 0, 0, 2, 0, 0, 0, 0, 0, 0, 0, 0, 0, 0, 0, 0, 0, 0, 0, 0, 0, 0, 
jboss-polyglot/, Mike, 0, 0, 0, 0, 0, 0, 0, 4, 0, 0, 0, 0, 0, 0, 0, 0, 0, 0, 0, 0, 0, 0, 0, 0, 0, 0, 0, 0, 0, 0, 0, 0, 0, 0, 0, 0, 0, 0, 0, 0, 0, 0, 0, 0, 0, 0, 0, 0, 0, 0, 0, 0, 0, 0, 0, 0, 0, 0, 0, 0, 0, 0, 0, 0, 0, 0, 0, 0, 0, 0, 0, 0, 0, 0, 0, 0, 0, 0, 0, 0, 0, 0, 0, 0, 0, 0, 0, 0, 0, 0, 0, 0, 0, 0, 0, 0, 0, 0, 0, 0, 0, 0, 0, 0, 0, 0, 0, 0, 0, 0, 0, 0, 0, 0, 0, 1, 0, 0, 0, 0, 0, 0, 0, 0, 0, 0, 0, 0, 0, 0, 0, 0, 0, 0, 0, 0, 0, 0, 0, 0, 0, 0, 0, 0, 0, 0, 0, 0, 0, 0, 2, 0, 0, 0, 0, 0, 0, 0, 0, 0, 0, 0, 0, 0, 0, 0, 0, 0, 0, 0, 0, 0, 0, 0, 0, 0, 0, 0, 0, 0, 0, 0, 0, 0, 0, 0, 0, 0, 0, 0, 0, 0, 0, 0, 0, 0, 0, 0, 0, 0, 0, 0, 0, 0, 0, 0, 0, 0, 0, 0, 0, 0, 0, 0, 0, 0, 0, 0, 0, 0, 0, 0, 0, 0, 0, 0, 0, 0, 0, 0, 0, 0, 0, 0, 0, 0, 0, 1, 0, 0, 0, 0, 0, 0, 0, 0, 0, 0, 0, 0, 0, 0, 0, 0, 1, 0, 0, 0, 0, 0, 0, 0, 0, 0, 0, 0, 0, 0, 0, 0, 0, 0, 0, 0, 0, 
jboss-polyglot/, Ben, 0, 0, 0, 0, 0, 0, 0, 0, 0, 0, 0, 0, 0, 0, 0, 0, 0, 0, 0, 0, 1, 0, 0, 0, 0, 0, 0, 1, 0, 0, 0, 0, 0, 0, 0, 0, 0, 1, 0, 0, 0, 0, 0, 0, 0, 0, 0, 0, 0, 0, 0, 0, 0, 0, 0, 0, 0, 0, 0, 0, 0, 0, 1, 0, 0, 0, 2, 0, 0, 0, 0, 0, 0, 0, 0, 0, 0, 0, 0, 0, 0, 0, 0, 0, 0, 0, 0, 0, 0, 0, 0, 0, 0, 0, 0, 0, 2, 1, 1, 0, 0, 1, 0, 0, 0, 0, 0, 0, 0, 0, 0, 0, 0, 0, 0, 0, 0, 0, 1, 0, 0, 0, 0, 0, 0, 0, 0, 0, 0, 0, 0, 0, 0, 0, 0, 0, 0, 0, 0, 0, 0, 0, 0, 0, 0, 0, 0, 0, 0, 0, 5, 0, 1, 0, 0, 0, 0, 0, 0, 0, 0, 0, 0, 0, 0, 0, 0, 0, 0, 0, 0, 0, 0, 1, 0, 0, 0, 0, 0, 0, 0, 0, 0, 0, 0, 0, 0, 0, 0, 0, 1, 1, 0, 0, 0, 0, 0, 1, 0, 0, 0, 0, 0, 0, 0, 1, 0, 0, 0, 0, 0, 0, 0, 0, 1, 0, 0, 0, 0, 0, 0, 0, 0, 0, 0, 0, 0, 0, 6, 0, 0, 0, 0, 0, 0, 0, 0, 0, 0, 0, 0, 1, 0, 0, 0, 0, 0, 0, 0, 0, 0, 0, 0, 1, 0, 0, 0, 0, 0, 0, 0, 0, 0, 0, 0, 0, 0, 0, 0, 0, 0, 0, 0, 0, 0, 
jboss-polyglot/, Marek, 0, 0, 5, 0, 0, 0, 0, 5, 0, 0, 0, 0, 0, 0, 0, 0, 0, 0, 0, 0, 4, 0, 0, 0, 0, 1, 0, 0, 0, 0, 1, 0, 0, 0, 0, 0, 0, 9, 0, 0, 0, 0, 0, 0, 0, 0, 0, 0, 1, 0, 0, 0, 0, 0, 16, 1, 0, 1, 0, 0, 0, 6, 0, 0, 0, 0, 0, 0, 0, 0, 0, 0, 0, 0, 0, 0, 0, 0, 0, 0, 0, 0, 0, 0, 0, 0, 0, 2, 0, 0, 0, 0, 0, 0, 0, 0, 0, 0, 0, 0, 0, 0, 0, 0, 3, 0, 0, 3, 2, 0, 0, 0, 0, 0, 0, 0, 0, 0, 0, 0, 2, 2, 0, 0, 0, 0, 0, 0, 0, 0, 0, 0, 0, 1, 0, 0, 0, 0, 0, 1, 0, 0, 0, 1, 0, 0, 0, 2, 0, 0, 7, 0, 0, 0, 0, 0, 0, 0, 0, 0, 0, 0, 0, 0, 0, 0, 0, 0, 0, 0, 0, 0, 0, 0, 0, 0, 0, 0, 0, 0, 0, 0, 0, 0, 5, 0, 0, 0, 0, 0, 0, 0, 0, 0, 0, 0, 0, 0, 0, 0, 0, 0, 0, 0, 0, 0, 2, 0, 0, 0, 0, 0, 0, 0, 0, 5, 0, 0, 0, 0, 0, 0, 0, 0, 0, 0, 0, 0, 0, 0, 1, 0, 0, 0, 0, 0, 0, 0, 0, 0, 0, 0, 0, 0, 0, 0, 0, 0, 0, 0, 0, 0, 0, 0, 0, 0, 0, 0, 0, 0, 0, 0, 0, 0, 0, 0, 2, 0, 1, 0, 0, 0, 0, 0, 0, 
jboss-polyglot/, Jim, 0, 0, 0, 0, 1, 0, 0, 5, 0, 0, 0, 0, 0, 0, 0, 0, 1, 0, 0, 0, 0, 0, 0, 0, 0, 0, 0, 0, 0, 0, 0, 0, 2, 0, 0, 1, 0, 3, 0, 0, 0, 0, 0, 2, 0, 0, 0, 0, 0, 0, 0, 0, 1, 0, 0, 0, 0, 0, 0, 0, 1, 0, 0, 0, 0, 0, 0, 1, 0, 0, 0, 1, 0, 0, 0, 0, 1, 0, 0, 0, 1, 0, 0, 0, 0, 0, 0, 0, 0, 0, 0, 0, 0, 0, 0, 0, 0, 0, 0, 0, 1, 0, 0, 0, 0, 0, 1, 0, 0, 0, 7, 0, 0, 0, 0, 0, 0, 0, 1, 0, 0, 0, 0, 0, 0, 0, 0, 0, 0, 0, 0, 0, 2, 0, 0, 0, 4, 0, 0, 25, 0, 0, 0, 5, 0, 0, 0, 0, 0, 1, 27, 0, 0, 0, 0, 0, 0, 3, 0, 0, 1, 0, 0, 0, 2, 1, 0, 0, 0, 0, 0, 0, 0, 0, 0, 0, 0, 0, 0, 0, 0, 0, 0, 0, 0, 0, 0, 0, 0, 0, 0, 0, 0, 0, 0, 0, 0, 0, 0, 0, 0, 0, 0, 1, 2, 0, 3, 0, 1, 0, 0, 0, 0, 0, 1, 2, 0, 0, 0, 0, 0, 0, 0, 0, 0, 0, 0, 0, 0, 0, 0, 0, 0, 0, 0, 0, 0, 0, 1, 0, 0, 0, 0, 0, 0, 0, 1, 1, 0, 0, 0, 0, 1, 0, 10, 0, 0, 0, 0, 0, 0, 0, 0, 0, 1, 0, 0, 0, 0, 0, 3, 0, 0, 0, 0, 
jboss-polyglot/, Toby, 0, 0, 0, 1, 1, 0, 0, 34, 0, 1, 0, 0, 15, 1, 0, 0, 1, 0, 0, 0, 6, 2, 1, 0, 2, 0, 1, 1, 0, 0, 6, 0, 47, 0, 0, 1, 10, 65, 0, 0, 0, 0, 2, 0, 0, 2, 0, 0, 0, 0, 0, 8, 1, 2, 25, 0, 0, 0, 0, 0, 1, 0, 28, 0, 0, 18, 0, 1, 0, 1, 0, 1, 0, 4, 0, 1, 1, 3, 4, 0, 1, 0, 0, 2, 0, 1, 4, 3, 0, 0, 2, 0, 0, 0, 11, 0, 4, 0, 0, 0, 0, 0, 16, 0, 0, 0, 12, 0, 5, 0, 0, 1, 2, 0, 0, 4, 0, 3, 21, 0, 4, 0, 4, 0, 1, 0, 0, 0, 0, 0, 2, 0, 6, 0, 0, 0, 4, 0, 0, 20, 0, 0, 0, 69, 0, 18, 3, 0, 0, 1, 151, 0, 2, 4, 10, 0, 2, 3, 0, 0, 0, 0, 0, 7, 2, 1, 9, 0, 2, 4, 5, 2, 13, 1, 0, 0, 0, 0, 0, 2, 0, 4, 0, 0, 3, 6, 2, 0, 0, 0, 1, 1, 0, 0, 2, 0, 0, 1, 0, 0, 0, 0, 1, 0, 17, 0, 17, 0, 1, 0, 0, 8, 2, 0, 16, 6, 1, 1, 0, 1, 0, 0, 0, 0, 0, 2, 6, 0, 0, 0, 3, 1, 0, 0, 0, 0, 3, 0, 1, 0, 0, 0, 0, 0, 0, 0, 0, 2, 0, 0, 0, 12, 1, 1, 11, 0, 0, 1, 2, 0, 1, 2, 0, 0, 1, 1, 3, 1, 1, 0, 3, 1, 0, 1, 2, 
jboss-polyglot/, Tobias, 11, 1, 0, 1, 2, 1, 8, 151, 3, 0, 2, 14, 1, 0, 53, 8, 2, 2, 11, 2, 93, 2, 1, 6, 1, 1, 1, 2, 2, 2, 10, 2, 37, 2, 5, 2, 8, 119, 2, 4, 5, 10, 0, 2, 4, 2, 2, 5, 1, 1, 1, 0, 2, 0, 15, 1, 6, 1, 4, 2, 2, 73, 48, 1, 11, 1, 16, 2, 5, 1, 2, 2, 10, 4, 4, 2, 2, 4, 5, 6, 2, 2, 5, 4, 1, 1, 6, 6, 10, 5, 3, 6, 2, 4, 3, 10, 8, 4, 1, 1, 0, 3, 8, 2, 13, 11, 22, 12, 9, 1, 0, 2, 1, 2, 1, 51, 2, 0, 45, 2, 8, 17, 2, 3, 2, 3, 2, 15, 4, 1, 2, 21, 14, 1, 2, 16, 2, 6, 4, 49, 8, 8, 10, 119, 12, 18, 4, 13, 1, 2, 469, 4, 2, 0, 1, 3, 1, 7, 5, 15, 1, 2, 1, 14, 5, 2, 6, 3, 3, 2, 2, 4, 17, 1, 8, 4, 2, 1, 16, 1, 1, 8, 13, 2, 4, 13, 4, 10, 4, 2, 1, 1, 1, 3, 2, 2, 5, 4, 1, 12, 12, 2, 4, 0, 59, 0, 47, 2, 3, 8, 18, 0, 0, 2, 38, 4, 2, 1, 10, 2, 2, 2, 2, 5, 2, 4, 4, 10, 4, 4, 5, 1, 2, 11, 8, 4, 2, 4, 2, 1, 1, 1, 2, 1, 2, 2, 0, 8, 1, 1, 5, 20, 2, 2, 27, 4, 10, 1, 2, 6, 1, 1, 4, 2, 2, 0, 5, 2, 1, 8, 6, 1, 4, 2, 11, 
jboss-polyglot/, Bruno, 0, 0, 0, 0, 0, 0, 0, 4, 0, 0, 0, 0, 0, 0, 0, 0, 0, 0, 0, 0, 0, 0, 0, 0, 0, 0, 0, 0, 0, 0, 0, 0, 0, 0, 0, 0, 0, 0, 0, 0, 0, 0, 0, 0, 0, 0, 0, 0, 0, 0, 0, 0, 0, 0, 0, 0, 0, 0, 0, 0, 0, 0, 0, 0, 0, 0, 0, 0, 0, 0, 0, 0, 0, 0, 0, 0, 0, 0, 0, 0, 0, 0, 0, 0, 0, 0, 0, 0, 0, 0, 0, 0, 4, 0, 0, 0, 0, 0, 0, 0, 0, 0, 0, 0, 0, 0, 0, 0, 0, 0, 0, 0, 0, 0, 0, 1, 0, 0, 0, 0, 0, 0, 0, 0, 0, 0, 0, 0, 0, 0, 0, 0, 0, 0, 0, 0, 0, 0, 0, 0, 0, 0, 0, 0, 0, 1, 0, 0, 0, 0, 0, 0, 0, 0, 0, 0, 0, 0, 0, 0, 0, 0, 0, 0, 0, 0, 0, 0, 0, 0, 0, 0, 0, 0, 0, 0, 0, 0, 0, 0, 0, 0, 0, 0, 0, 0, 0, 0, 0, 0, 0, 0, 0, 0, 0, 0, 0, 0, 0, 0, 0, 0, 0, 0, 1, 0, 1, 0, 0, 0, 0, 0, 0, 0, 0, 0, 0, 0, 0, 0, 0, 0, 0, 0, 0, 0, 0, 0, 0, 0, 0, 0, 0, 0, 0, 0, 0, 1, 0, 0, 0, 0, 0, 0, 0, 0, 0, 0, 0, 0, 0, 4, 0, 1, 1, 0, 0, 0, 0, 0, 0, 0, 0, 0, 0, 0, 0, 0, 0, 0, 0, 0, 0, 0, 0, 
jboss-polyglot/, Project:Odd, 0, 0, 0, 0, 0, 0, 0, 0, 0, 0, 0, 0, 0, 0, 0, 0, 0, 0, 0, 0, 0, 0, 0, 0, 0, 0, 0, 0, 0, 0, 0, 0, 0, 0, 0, 0, 0, 0, 0, 0, 0, 0, 0, 0, 0, 0, 0, 0, 0, 0, 0, 0, 0, 0, 0, 0, 0, 0, 0, 0, 0, 0, 0, 0, 0, 0, 0, 0, 0, 0, 0, 0, 0, 0, 0, 0, 0, 0, 0, 0, 0, 0, 0, 0, 0, 0, 0, 0, 0, 0, 0, 0, 0, 0, 0, 0, 0, 0, 0, 0, 0, 0, 0, 0, 0, 0, 0, 0, 0, 0, 0, 0, 0, 0, 0, 0, 0, 0, 0, 0, 0, 0, 0, 0, 0, 0, 0, 0, 0, 0, 0, 0, 0, 0, 0, 0, 0, 0, 0, 0, 0, 0, 0, 0, 0, 0, 0, 0, 0, 0, 0, 0, 0, 0, 0, 0, 0, 0, 0, 0, 0, 0, 0, 0, 0, 0, 0, 0, 0, 0, 0, 0, 0, 0, 0, 0, 0, 0, 0, 0, 0, 0, 0, 0, 0, 0, 0, 0, 0, 0, 0, 0, 0, 0, 0, 0, 0, 0, 0, 0, 0, 0, 0, 0, 0, 0, 0, 0, 0, 0, 0, 0, 0, 0, 0, 0, 0, 0, 0, 0, 0, 0, 0, 0, 0, 0, 0, 0, 0, 0, 0, 0, 0, 0, 0, 0, 0, 0, 0, 0, 0, 0, 0, 0, 0, 0, 0, 0, 0, 0, 0, 0, 0, 0, 0, 0, 0, 0, 0, 0, 0, 0, 0, 0, 0, 0, 0, 0, 0, 0, 0, 0, 0, 0, 0, 
jboss-polyglot/, Bob, 6, 0, 0, 0, 0, 1, 0, 35, 2, 0, 1, 3, 0, 0, 26, 0, 0, 0, 0, 0, 16, 0, 0, 3, 0, 0, 0, 0, 1, 1, 1, 0, 0, 0, 0, 0, 0, 2, 0, 1, 0, 0, 0, 0, 0, 0, 0, 0, 0, 0, 2, 0, 0, 0, 0, 0, 4, 0, 0, 0, 0, 0, 11, 0, 0, 0, 5, 0, 0, 0, 0, 0, 4, 0, 0, 0, 0, 0, 0, 3, 0, 1, 0, 0, 0, 0, 0, 0, 0, 0, 0, 0, 0, 2, 0, 0, 0, 0, 0, 1, 0, 0, 0, 0, 0, 7, 2, 0, 0, 0, 0, 0, 0, 0, 0, 12, 0, 0, 8, 0, 0, 8, 0, 3, 0, 0, 0, 7, 4, 1, 0, 10, 1, 0, 1, 0, 0, 0, 6, 5, 0, 0, 0, 16, 5, 6, 0, 4, 0, 0, 98, 0, 0, 0, 0, 4, 0, 1, 2, 5, 0, 1, 2, 0, 1, 0, 0, 1, 0, 0, 0, 0, 3, 0, 0, 0, 0, 0, 0, 0, 2, 0, 3, 0, 0, 3, 0, 1, 0, 0, 0, 0, 0, 0, 0, 1, 2, 0, 2, 0, 0, 0, 2, 0, 10, 0, 14, 1, 1, 0, 0, 0, 0, 4, 9, 0, 0, 0, 0, 0, 0, 0, 0, 0, 1, 0, 0, 0, 0, 0, 0, 0, 0, 1, 0, 0, 0, 3, 0, 0, 0, 0, 0, 0, 0, 0, 0, 0, 0, 1, 0, 0, 0, 0, 3, 0, 2, 0, 0, 0, 0, 0, 0, 0, 0, 0, 0, 0, 0, 0, 0, 0, 0, 0, 4, 
