Project, Author, ConflictInfo, com.mockey.model.HttpStatusCodeStore$StatusCodeEntry, Service, com.mockey.model.FulfilledClientRequest, javax.xml.parsers.DocumentBuilder, com.mockey.ui.ServiceMergeResults, PackageInfo, ServiceMergeResults, com.mockey.MockServicePlan, org.w3c.dom.CDATASection, javax.servlet, javax.servlet.ServletResponse, RequestRule, javax.servlet.ServletRequest, java.util.jar.JarFile, org.eclipse.jetty.webapp.WebAppContext, UriTemplate, java.net.HttpURLConnection, com.mockey.TestClient, JSONStringer, java.util.List, com.mockey.storage.ProxyServerModel, java.lang.Throwable, ?[], java.lang.Boolean, com.github.fge.jsonschema.cfg.LoadingConfiguration, org.eclipse.jetty.server.Server, com.mockey.storage.xml.MockServiceXMLFactory, com.mockey.ClientExecuteProxy, java.lang.Package, java.io.PrintStream, MockServiceScenarioBean, com.mockey.model.ProxyServerModel, com.mockey.model.ResponseMessage, Scenario, com.mockey.model.HttpStatusCodeStore.StatusCodeEntry, ProxyServerModel, com.github.fge.jsonschema.cfg.ValidationConfiguration, FileSystemManager, com.mockey.storage.OrderedMap, RequestInspectionResult, org.apache.http.entity.StringEntity, com.github.fge.jsonschema.tree.SchemaTree, com.mockey.storage.xml.MockeyXmlFactory, com.mockey.model.RequestResponseTransaction, MockeyXmlFactory, org.apache.commons.fileupload.DiskFileUpload, org.json.JSONTokener, T, java.io.FileOutputStream, org.json.JSONArray, org.apache.log4j.Logger, com.mockey.model.TwistInfo, javax.net.ssl.SSLSession, com.martiansoftware.jsap.JSAPResult, com.mockey.model.ServicePlan, java.net.URLClassLoader, javax.xml.transform.stream.StreamResult, com.mockey.model.OrderedMap, java.io.BufferedWriter, javax.servlet.http.Cookie, com.mockey.model.Url, com.mockey.storage.xml.MockeyXmlFileConfigurationReader, XMLTokener, javax.servlet.FilterChain, com.github.fge.jsonschema.main.JsonSchemaFactoryBuilder, com.mockey.model.ResponseFromService, java.lang.Exception, java.lang.reflect.Array, boolean, java.lang.Integer, PatternPair, org.json.Test$1Obj, java.io.DataInputStream, UrlPatternMatchResult, org.apache.http.Header, com.mockey.model.ApiDocResponse, org.apache.http.params.HttpParams, com.mockey.model.UriTemplate, MockServiceBean, org.apache.http.client.methods.HttpPost, com.fasterxml.jackson.databind.node.ObjectNode, com.mockey.ProxyServer, ConfigurationReadResults, com.sun.net.ssl.SSLContext, com.mockey.model.ApiOptionType, java.io.Writer, java.util.ArrayList, com.mockey.model.HttpStatusCodeStore, org.apache.http.HttpResponse, org.eclipse.jetty.util.resource.Resource, com.mockey.server.RedoRequestServlet, java.lang.StringBuffer, java.io.ByteArrayOutputStream, java.text.SimpleDateFormat, com.mockey.storage.IApiStorageInMemory, javax.servlet.jsp.JspWriter, SearchResultBuilder, java.util.StringTokenizer, com.mockey.plugin.PluginStore, javax.xml.parsers.DocumentBuilderFactory, java.io.ByteArrayInputStream, com.mockey.model.RequestFromClient, MockeyXmlFileManager, com.mockey.model.IRequestInspector, com.mockey.model.PlanItem, java.util.HashMap, com.mockey.plugin.RequestRule, com.github.fge.jsonschema.processors.data.SchemaHolder, com.mockey.model.ConflictInfo, com.mockey.storage.IApiStorage, ?, javax.xml.transform.dom.DOMSource, java.util.Calendar, FulfilledClientRequest, RedoRequestWrapper, com.martiansoftware.jsap.SimpleJSAP, com.mockey.storage.IMockeyStorage, java.lang.reflect.Method, org.apache.xml.serialize.OutputFormat, java.lang.Class, ClassPathResourceHandler, java.util.jar.JarEntry, com.mockey.model.ApiOption, java.io.InputStream, ConfigurationReader, JSONTokener, com.mockey.MockServiceStoreImpl, org.slf4j.Logger, javax.servlet.ServletInputStream, IMockeyStorage, com.mockey.storage.ServicePlan, MockeyXmlFileConfigurationParser, org.eclipse.jetty.server.Request, com.mockey.model.SearchResultType, java.text.DateFormat, java.util.Enumeration, com.mockey.model.HistoryFilterType, org.apache.http.conn.scheme.SchemeRegistry, java.io.File, javax.servlet.http.HttpServletRequest, com.mockey.ui.PatternPair, org.eclipse.jetty.server.handler.ResourceHandler, java.io.Reader, java.lang.Character, com.mockey.MockServiceBean, com.mockey.SearchResultBuilder, com.mockey.server.RedoRequestServlet$NameValuePair, org.apache.http.cookie.Cookie, RequestRuleType, javax.xml.transform.Transformer, com.mockey.model.ConflictInfo.Conflict, java.util.Map, java.util.Collection, com.mockey.model.Service, java.net.URL, com.mockey.plugin.RequestRuleType, org.json.XMLTokener, com.mockey.model.ApiDocService, java.net.URI, HTTPTokener, com.mockey.model.SearchResult, java.lang.String, com.fasterxml.jackson.databind.JsonNode, com.mockey.plugin.RequestInspectionResult, java.io.InputStreamReader, com.mockey.OrderedMap, com.mockey.model.ApiDocAttribute, com.mockey.util.Url, org.apache.commons.digester3.Digester, org.apache.http.client.methods.HttpGet, FileInfo, com.mockey.storage.XmlMockeyStorage, long, javax.servlet.ServletContext, org.apache.http.HttpHost, com.mockey.ProxyServerModel, com.mockey.model.UrlPatternMatchResult, org.apache.http.impl.client.DefaultHttpClient, com.mockey.model.ApiDocFieldValue, MockServiceParser, com.mockey.web.MockServiceStore, RequestInspectorDefinedByJson, ServicePlan, com.mockey.plugin.RequestInspectorDefinedByJson, org.apache.http.HttpEntity, com.mockey.model.ServiceRef, com.mockey.model.Item, java.lang.Long, org.apache.http.impl.cookie.BasicClientCookie, java.lang.StringBuilder, com.mockey.model.UriTemplate$Parser, com.mockey.Item, java.lang.Number, javax.net.ssl.HostnameVerifier, RequestFromClient, org.w3c.dom.Element, java.io.OutputStream, java.util.Iterator, java.util.zip.ZipInputStream, org.apache.http.protocol.HttpContext, com.fasterxml.jackson.core.JsonLocation, java.lang.Object, java.lang.Double, JSONArray, com.mockey.xml.MockServiceFileReader, java.io.PrintWriter, PlanItem, javax.servlet.RequestDispatcher, MockServicePlan, com.mockey.web.ResponseMessage, java.util.regex.Matcher, com.mockey.model.HistoryFilter, com.mockey.web.RequestResponseTransaction, com.mockey.model.Scenario, com.github.fge.jsonschema.report.ListProcessingReport, MockServiceXMLGenerator, PluginStore, TwistInfo, java.util.Properties, org.w3c.dom.Document, com.github.fge.jsonschema.processors.syntax.SyntaxProcessor, com.github.fge.jsonschema.main.JsonValidator, com.github.fge.jsonschema.report.ProcessingReport, int, java.io.StringWriter, ConflictHelper, PersistableItem, java.util.regex.Pattern, com.sun.net.ssl.HostnameVerifier, char, com.mockey.PlanItem, java.util.Date, javax.net.ssl.SSLContext, java.io.FileInputStream, SampleRequestInspector, ClientExecuteProxy, java.util.Map$Entry, com.mockey.plugin.IRequestInspector, com.mockey.model.SampleRequestInspector, com.fasterxml.jackson.core.JsonProcessingException, java.io.BufferedReader, com.mockey.model.ClientRequest, RequestResponseTransaction, org.apache.commons.logging.Log, org.apache.http.HttpRequest, com.mockey.web.RequestFromClient, com.mockey.storage.FulfilledClientRequest, com.mockey.MockServiceScenarioBean, org.json.JSONObject, com.mockey.model.ScenarioRef, ResponseMessage, org.apache.http.conn.ClientConnectionManager, org.xml.sax.InputSource, org.apache.http.StatusLine, org.apache.commons.digester.Digester, com.mockey.MockServiceStore, com.mockey.model.ApiDocRequest, com.mockey.model.PersistableItem, Url, com.mockey.storage.xml.MockServiceFileReader, java.io.OutputStreamWriter, org.apache.commons.fileupload.FileItem, java.util.Set, FilterHelper, com.mockey.xml.MockServiceXMLFactory, java.util.TimeZone, com.mockey.model.ConflictInfo$Conflict, javax.servlet.http.HttpServletResponse, MockeyXmlFileConfigurationGenerator, java.util.Random, com.mockey.storage.Service, java.lang.String[], java.io.BufferedOutputStream, javax.servlet.FilterConfig, org.apache.http.client.CookieStore, ResponseFromService, JSONObject, org.apache.xml.serialize.XMLSerializer, java.lang.reflect.Constructor, com.mockey.storage.xml.MockeyXmlFileManager, double, MockeyXmlFileConfigurationReader, ProxyServer, org.mortbay.jetty.runner.Runner, IRequestInspector, java.util.zip.ZipEntry, org.eclipse.jetty.server.handler.ContextHandlerCollection, org.w3c.dom.Text, com.mockey.storage.InMemoryMockeyStorage, 
Mockey/, u159282, 2, 2, 8, 27, 1, 6, 4, 2, 6, 5, 1, 1, 1, 1, 0, 3, 6, 2, 1, 1, 189, 0, 4, 0, 17, 1, 2, 2, 4, 3, 17, 2, 16, 2, 19, 1, 2, 1, 4, 9, 1, 0, 1, 2, 5, 1, 3, 7, 1, 5, 13, 45, 18, 0, 1, 43, 0, 1, 2, 0, 4, 45, 1, 1, 1, 1, 5, 2, 97, 120, 2, 1, 1, 1, 0, 6, 6, 1, 3, 2, 1, 7, 2, 3, 0, 4, 4, 2, 1, 4, 1, 2, 64, 0, 7, 1, 13, 4, 3, 3, 1, 2, 15, 6, 0, 16, 1, 1, 1, 2, 5, 1, 1, 2, 0, 2, 1, 85, 2, 0, 13, 1, 0, 0, 15, 2, 3, 0, 2, 2, 0, 0, 2, 1, 2, 4, 6, 8, 1, 43, 131, 4, 1, 2, 9, 10, 1, 2, 3, 2, 1, 2, 57, 11, 145, 15, 5, 4, 11, 1, 1, 6, 1169, 8, 6, 2, 0, 39, 5, 1, 1, 1, 0, 107, 1, 1, 0, 0, 2, 2, 0, 0, 1, 1, 1, 3, 5, 0, 179, 1, 14, 1, 0, 1, 0, 1, 24, 4, 75, 1, 1, 2, 76, 1, 11, 0, 29, 4, 61, 1, 2, 5, 2, 6, 72, 1, 0, 3, 0, 5, 13, 2, 5, 3, 259, 0, 1, 0, 3, 0, 44, 4, 9, 0, 4, 0, 0, 6, 2, 0, 2, 5, 0, 2, 11, 2, 0, 0, 16, 66, 5, 1, 1, 3, 0, 0, 8, 6, 5, 8, 2, 4, 3, 6, 1, 0, 1, 2, 104, 3, 1, 0, 1, 1, 1, 1, 5, 13, 0, 0, 6, 9, 1, 0, 0, 2, 1, 1, 1, 2, 
Mockey/, clafonta, 0, 0, 0, 0, 0, 0, 0, 0, 0, 0, 0, 0, 0, 0, 0, 0, 0, 0, 0, 0, 0, 0, 0, 0, 0, 0, 0, 0, 0, 0, 0, 0, 0, 0, 0, 0, 0, 0, 0, 0, 0, 0, 0, 0, 0, 0, 0, 0, 0, 0, 0, 0, 0, 0, 0, 0, 0, 0, 0, 0, 0, 0, 0, 0, 0, 0, 0, 0, 0, 0, 0, 0, 0, 0, 0, 0, 0, 0, 0, 0, 0, 0, 0, 0, 0, 0, 0, 0, 0, 0, 0, 0, 0, 0, 0, 0, 0, 0, 0, 0, 0, 0, 0, 0, 0, 0, 0, 0, 0, 0, 0, 0, 0, 0, 0, 0, 0, 0, 0, 0, 0, 0, 0, 0, 0, 0, 0, 0, 0, 0, 0, 0, 0, 0, 0, 0, 0, 0, 0, 0, 0, 0, 0, 0, 0, 0, 0, 0, 0, 0, 0, 0, 0, 0, 0, 0, 0, 0, 0, 0, 0, 0, 0, 0, 0, 0, 0, 0, 0, 0, 0, 0, 0, 0, 0, 0, 0, 0, 0, 0, 0, 0, 0, 0, 0, 0, 0, 0, 0, 0, 0, 0, 0, 0, 0, 0, 0, 0, 0, 0, 0, 0, 0, 0, 0, 0, 0, 0, 0, 0, 0, 0, 0, 0, 0, 0, 0, 0, 0, 0, 0, 0, 0, 0, 0, 0, 0, 0, 0, 0, 0, 0, 0, 0, 0, 0, 0, 0, 0, 0, 0, 0, 0, 0, 0, 0, 0, 0, 0, 0, 0, 0, 0, 0, 0, 0, 0, 0, 0, 0, 0, 0, 0, 0, 0, 0, 0, 0, 0, 0, 0, 0, 0, 0, 0, 0, 0, 0, 0, 0, 0, 0, 0, 0, 0, 0, 0, 0, 0, 0, 
Mockey/, neil, 0, 0, 0, 0, 2, 0, 0, 0, 0, 4, 0, 0, 0, 0, 0, 0, 0, 0, 0, 0, 51, 0, 0, 0, 0, 0, 0, 3, 2, 0, 7, 0, 16, 7, 1, 0, 0, 0, 0, 3, 0, 0, 0, 2, 10, 0, 2, 0, 1, 0, 0, 14, 0, 0, 0, 22, 0, 2, 0, 0, 1, 12, 2, 0, 0, 0, 0, 0, 18, 20, 0, 0, 0, 0, 0, 2, 0, 0, 0, 0, 1, 0, 0, 0, 0, 0, 0, 1, 0, 1, 0, 0, 14, 2, 4, 0, 2, 0, 0, 0, 2, 0, 3, 0, 0, 12, 0, 0, 0, 0, 0, 0, 2, 0, 0, 0, 0, 42, 0, 0, 0, 0, 0, 0, 5, 0, 0, 0, 0, 0, 0, 0, 1, 0, 0, 0, 3, 0, 0, 0, 50, 0, 0, 0, 0, 0, 0, 0, 0, 0, 2, 0, 11, 0, 64, 3, 0, 0, 0, 1, 0, 0, 226, 0, 0, 0, 4, 0, 0, 0, 0, 0, 1, 34, 0, 0, 0, 0, 0, 0, 1, 0, 0, 0, 0, 2, 0, 1, 101, 0, 4, 0, 0, 0, 0, 0, 20, 0, 39, 0, 0, 0, 8, 0, 0, 0, 2, 0, 31, 0, 0, 0, 0, 0, 40, 0, 1, 0, 0, 4, 12, 0, 0, 0, 25, 0, 0, 0, 0, 0, 0, 0, 0, 0, 2, 0, 0, 3, 0, 0, 0, 3, 13, 0, 6, 1, 0, 0, 0, 0, 0, 0, 0, 2, 2, 2, 0, 0, 0, 0, 3, 0, 2, 0, 0, 0, 0, 0, 42, 1, 0, 0, 1, 0, 0, 0, 0, 0, 0, 0, 0, 0, 0, 0, 0, 0, 0, 0, 2, 1, 
Mockey/, chad, 0, 0, 0, 0, 0, 0, 0, 0, 0, 0, 0, 0, 0, 0, 0, 0, 0, 0, 0, 0, 0, 0, 0, 0, 0, 0, 0, 0, 0, 0, 0, 0, 0, 0, 0, 0, 0, 0, 0, 0, 0, 0, 0, 0, 0, 0, 0, 0, 0, 0, 0, 0, 0, 0, 0, 0, 0, 0, 0, 0, 0, 0, 0, 0, 0, 0, 0, 0, 0, 0, 0, 0, 0, 0, 0, 0, 0, 0, 0, 0, 0, 0, 0, 0, 0, 0, 0, 0, 0, 0, 0, 0, 0, 0, 0, 0, 0, 0, 0, 0, 0, 0, 0, 0, 0, 0, 0, 0, 0, 0, 0, 0, 0, 0, 0, 0, 0, 0, 0, 0, 0, 0, 0, 0, 0, 0, 0, 0, 0, 0, 0, 0, 0, 0, 0, 0, 0, 0, 0, 0, 0, 0, 0, 0, 0, 0, 0, 0, 0, 0, 0, 0, 0, 0, 0, 0, 0, 0, 0, 0, 0, 0, 0, 0, 0, 0, 0, 0, 0, 0, 0, 0, 0, 0, 0, 0, 0, 0, 0, 0, 0, 0, 0, 0, 0, 0, 0, 0, 0, 0, 0, 0, 0, 0, 0, 0, 0, 0, 0, 0, 0, 0, 0, 0, 0, 0, 0, 0, 0, 0, 0, 0, 0, 0, 0, 0, 0, 0, 0, 0, 0, 0, 0, 0, 0, 0, 0, 0, 0, 0, 0, 0, 0, 0, 0, 0, 0, 0, 0, 0, 0, 0, 0, 0, 0, 0, 0, 0, 0, 0, 0, 0, 0, 0, 0, 0, 0, 0, 0, 0, 0, 0, 0, 0, 0, 0, 0, 0, 0, 0, 0, 0, 0, 0, 0, 0, 0, 0, 0, 0, 0, 0, 0, 0, 0, 0, 0, 0, 0, 0, 
Mockey/, Chad, 2, 2, 6, 23, 1, 6, 4, 6, 0, 8, 1, 2, 2, 2, 4, 1, 2, 1, 0, 1, 135, 0, 4, 3, 1, 1, 1, 0, 0, 4, 6, 0, 6, 0, 3, 1, 1, 1, 8, 1, 1, 0, 1, 2, 0, 1, 0, 7, 0, 5, 15, 21, 9, 1, 0, 22, 4, 1, 2, 0, 4, 55, 2, 1, 2, 1, 0, 1, 110, 79, 0, 1, 1, 0, 3, 2, 4, 0, 1, 0, 0, 7, 0, 1, 1, 4, 4, 2, 1, 0, 0, 0, 52, 1, 3, 1, 6, 4, 0, 3, 1, 0, 4, 1, 18, 11, 1, 0, 1, 2, 5, 0, 1, 1, 0, 0, 0, 44, 5, 0, 36, 0, 4, 2, 9, 3, 3, 0, 2, 0, 3, 0, 0, 0, 2, 5, 11, 1, 0, 67, 55, 3, 0, 2, 9, 1, 2, 0, 5, 2, 1, 2, 44, 8, 108, 10, 4, 4, 7, 0, 1, 14, 830, 8, 1, 1, 0, 21, 0, 1, 0, 2, 0, 65, 3, 0, 0, 1, 0, 2, 0, 0, 0, 0, 1, 0, 3, 0, 52, 1, 4, 1, 0, 1, 1, 0, 30, 5, 48, 1, 0, 2, 72, 1, 11, 0, 32, 0, 20, 0, 0, 13, 2, 0, 47, 1, 0, 5, 1, 2, 10, 2, 5, 3, 183, 0, 2, 0, 13, 1, 46, 0, 18, 1, 12, 4, 0, 1, 2, 4, 2, 6, 0, 0, 3, 0, 0, 0, 0, 67, 10, 0, 0, 1, 0, 1, 1, 4, 4, 7, 0, 1, 1, 6, 2, 0, 1, 2, 44, 3, 1, 0, 0, 2, 2, 2, 0, 13, 0, 6, 10, 9, 1, 0, 0, 6, 1, 0, 0, 0, 
Mockey/, Matthew, 0, 0, 0, 0, 0, 0, 0, 0, 0, 0, 0, 0, 0, 0, 0, 0, 0, 0, 0, 0, 0, 0, 0, 0, 0, 0, 0, 0, 0, 0, 0, 0, 0, 0, 0, 0, 0, 0, 0, 0, 0, 0, 0, 0, 0, 0, 0, 0, 0, 0, 0, 0, 0, 0, 0, 0, 0, 0, 0, 0, 0, 0, 0, 0, 0, 0, 0, 0, 1, 0, 0, 0, 0, 0, 0, 0, 0, 0, 0, 0, 0, 0, 0, 0, 0, 0, 0, 0, 0, 0, 0, 0, 0, 0, 0, 0, 0, 0, 0, 0, 0, 0, 0, 0, 0, 0, 0, 0, 0, 0, 0, 0, 0, 0, 0, 0, 0, 0, 0, 0, 0, 0, 0, 0, 0, 0, 0, 0, 0, 0, 0, 0, 0, 0, 0, 0, 0, 0, 0, 0, 0, 0, 0, 0, 0, 0, 0, 0, 0, 0, 0, 0, 0, 0, 0, 0, 0, 0, 0, 0, 0, 0, 0, 0, 0, 0, 0, 0, 0, 0, 0, 0, 0, 0, 0, 0, 0, 0, 0, 0, 0, 0, 0, 0, 0, 0, 0, 0, 0, 0, 0, 0, 0, 0, 0, 0, 0, 0, 0, 0, 0, 0, 0, 0, 0, 0, 0, 0, 0, 0, 0, 0, 0, 0, 0, 0, 0, 0, 0, 0, 0, 0, 0, 0, 0, 0, 0, 0, 0, 0, 0, 0, 0, 0, 0, 0, 0, 0, 0, 0, 0, 0, 0, 0, 0, 0, 0, 0, 0, 0, 0, 0, 0, 0, 0, 0, 0, 0, 0, 0, 0, 0, 0, 0, 0, 0, 0, 0, 0, 0, 0, 0, 0, 0, 0, 0, 0, 0, 0, 0, 0, 0, 0, 0, 0, 0, 0, 0, 0, 0, 
Mockey/, Jorge, 0, 0, 0, 0, 0, 0, 0, 0, 0, 0, 0, 0, 0, 0, 0, 0, 0, 0, 0, 0, 0, 0, 0, 0, 0, 0, 0, 0, 0, 0, 0, 0, 0, 0, 0, 0, 0, 0, 0, 0, 0, 0, 0, 0, 0, 0, 0, 0, 0, 0, 0, 0, 0, 0, 0, 0, 0, 0, 0, 0, 0, 0, 0, 0, 0, 0, 0, 0, 0, 0, 0, 0, 0, 0, 0, 0, 0, 0, 0, 0, 0, 0, 0, 0, 0, 0, 0, 0, 0, 0, 0, 0, 0, 0, 0, 0, 0, 0, 0, 0, 0, 0, 0, 0, 0, 0, 0, 0, 0, 0, 0, 0, 0, 0, 0, 0, 0, 0, 0, 0, 0, 0, 0, 0, 0, 0, 0, 0, 0, 0, 0, 0, 0, 0, 0, 0, 0, 0, 0, 0, 0, 0, 0, 0, 0, 0, 0, 0, 0, 0, 0, 0, 0, 0, 0, 0, 0, 0, 0, 0, 0, 0, 0, 0, 0, 0, 0, 0, 0, 0, 0, 0, 0, 0, 0, 0, 0, 0, 0, 0, 0, 0, 0, 0, 0, 0, 0, 0, 0, 0, 0, 0, 0, 0, 0, 0, 0, 0, 0, 0, 0, 0, 0, 0, 0, 0, 0, 0, 0, 0, 0, 0, 0, 0, 0, 0, 0, 0, 0, 0, 0, 0, 0, 0, 0, 0, 0, 0, 0, 0, 0, 0, 0, 0, 0, 0, 0, 0, 0, 0, 0, 0, 0, 0, 0, 0, 0, 0, 0, 0, 0, 0, 0, 0, 0, 0, 0, 0, 0, 0, 0, 0, 0, 0, 0, 0, 0, 0, 0, 0, 0, 0, 0, 0, 0, 0, 0, 0, 0, 0, 0, 0, 0, 0, 0, 0, 0, 0, 0, 0, 
Mockey/, Rob, 0, 0, 0, 0, 0, 0, 0, 0, 0, 0, 0, 0, 0, 0, 0, 0, 0, 0, 0, 0, 0, 0, 0, 0, 0, 0, 0, 0, 0, 0, 0, 0, 0, 0, 0, 0, 0, 0, 0, 0, 0, 0, 0, 0, 0, 0, 0, 0, 0, 0, 0, 0, 0, 0, 0, 0, 0, 0, 0, 0, 0, 0, 0, 0, 0, 0, 0, 0, 0, 0, 0, 0, 0, 0, 0, 0, 0, 0, 0, 0, 0, 0, 0, 0, 0, 0, 0, 0, 0, 0, 0, 0, 0, 0, 0, 0, 0, 0, 0, 0, 0, 0, 0, 0, 0, 0, 0, 0, 0, 0, 0, 0, 0, 0, 0, 0, 0, 0, 0, 0, 0, 0, 0, 0, 0, 0, 0, 0, 0, 0, 0, 0, 0, 0, 0, 0, 0, 0, 0, 0, 0, 0, 0, 0, 0, 0, 0, 0, 0, 0, 0, 0, 0, 0, 0, 0, 0, 0, 0, 0, 0, 0, 0, 0, 0, 0, 0, 0, 0, 0, 0, 0, 0, 0, 0, 0, 0, 0, 0, 0, 0, 0, 0, 0, 0, 0, 0, 0, 0, 0, 0, 0, 0, 0, 0, 0, 0, 0, 0, 0, 0, 0, 0, 0, 0, 0, 0, 0, 0, 0, 0, 0, 0, 0, 0, 0, 0, 0, 0, 0, 0, 0, 0, 0, 0, 0, 0, 0, 0, 0, 0, 0, 0, 0, 0, 0, 0, 0, 0, 0, 0, 0, 0, 0, 0, 0, 0, 0, 0, 0, 0, 0, 0, 0, 0, 0, 0, 0, 0, 0, 0, 0, 0, 0, 0, 0, 0, 0, 0, 0, 0, 0, 0, 0, 0, 0, 0, 0, 0, 0, 0, 0, 0, 0, 0, 0, 0, 0, 0, 0, 
Mockey/, Josh, 0, 0, 0, 2, 0, 0, 0, 0, 0, 0, 0, 0, 0, 0, 0, 0, 0, 0, 0, 0, 2, 0, 0, 0, 0, 0, 0, 0, 0, 0, 2, 0, 0, 0, 0, 0, 0, 0, 0, 0, 0, 0, 0, 0, 0, 0, 0, 0, 0, 0, 0, 2, 0, 0, 0, 0, 0, 0, 0, 0, 0, 0, 0, 0, 0, 0, 0, 0, 0, 0, 0, 0, 0, 0, 0, 0, 0, 0, 0, 0, 0, 0, 0, 0, 0, 0, 0, 0, 0, 0, 0, 0, 0, 0, 0, 0, 0, 0, 0, 0, 0, 0, 0, 0, 0, 0, 0, 0, 0, 0, 0, 0, 0, 0, 0, 0, 0, 2, 0, 0, 0, 0, 0, 0, 0, 0, 0, 0, 0, 0, 0, 0, 0, 0, 0, 0, 0, 0, 0, 0, 2, 0, 0, 0, 0, 0, 0, 0, 0, 0, 0, 0, 0, 0, 0, 0, 0, 0, 0, 0, 0, 0, 2, 0, 0, 0, 0, 0, 0, 0, 0, 0, 0, 2, 0, 0, 0, 0, 0, 0, 0, 0, 0, 0, 0, 0, 0, 0, 0, 0, 0, 0, 0, 0, 0, 0, 0, 0, 0, 0, 0, 0, 0, 0, 0, 0, 0, 0, 0, 0, 0, 0, 2, 0, 0, 0, 0, 0, 0, 0, 0, 0, 0, 0, 0, 0, 0, 0, 0, 0, 0, 0, 0, 0, 0, 0, 0, 0, 0, 0, 0, 0, 0, 0, 0, 0, 0, 0, 0, 2, 0, 0, 0, 0, 0, 0, 0, 0, 0, 0, 0, 0, 0, 0, 0, 0, 0, 0, 2, 0, 0, 0, 0, 0, 0, 0, 0, 0, 0, 0, 0, 0, 0, 0, 0, 0, 0, 0, 0, 0, 
Mockey/, agherardi, 0, 2, 0, 2, 0, 0, 4, 0, 0, 1, 0, 0, 0, 0, 0, 0, 0, 0, 0, 0, 17, 0, 0, 0, 0, 0, 0, 0, 0, 2, 1, 0, 0, 0, 1, 1, 0, 0, 0, 0, 1, 0, 0, 0, 0, 0, 0, 0, 0, 0, 1, 6, 0, 0, 0, 0, 0, 0, 0, 0, 2, 6, 0, 0, 0, 0, 0, 0, 13, 3, 0, 0, 0, 0, 0, 2, 0, 0, 0, 0, 0, 0, 0, 0, 0, 0, 0, 0, 1, 1, 0, 0, 0, 0, 0, 0, 0, 0, 0, 4, 0, 0, 0, 0, 0, 0, 0, 0, 0, 0, 0, 1, 0, 0, 0, 0, 0, 2, 0, 0, 9, 0, 0, 0, 0, 0, 0, 0, 0, 0, 0, 0, 0, 0, 0, 0, 0, 0, 0, 1, 5, 0, 0, 0, 0, 0, 0, 0, 1, 0, 0, 0, 5, 0, 5, 2, 0, 0, 0, 0, 0, 0, 90, 0, 4, 0, 0, 0, 0, 0, 1, 0, 0, 1, 0, 0, 0, 0, 1, 0, 0, 0, 0, 0, 0, 1, 0, 0, 24, 0, 0, 0, 0, 0, 0, 0, 1, 0, 0, 1, 0, 0, 2, 0, 0, 0, 0, 0, 0, 0, 0, 0, 0, 0, 4, 0, 0, 3, 0, 0, 0, 0, 0, 0, 26, 0, 0, 0, 0, 0, 0, 0, 0, 0, 0, 0, 0, 0, 2, 0, 0, 1, 0, 0, 0, 0, 0, 0, 0, 1, 8, 0, 0, 0, 10, 0, 0, 0, 0, 0, 0, 0, 0, 0, 0, 0, 0, 0, 1, 0, 0, 0, 0, 0, 0, 1, 0, 0, 0, 0, 0, 0, 0, 0, 0, 2, 1, 0, 0, 0, 
Mockey/, Giles, 0, 0, 0, 0, 0, 0, 0, 0, 0, 0, 0, 0, 0, 0, 0, 0, 0, 0, 0, 0, 0, 0, 0, 0, 0, 0, 0, 0, 0, 0, 0, 0, 0, 0, 0, 0, 0, 0, 0, 0, 0, 0, 0, 0, 0, 0, 0, 0, 0, 0, 0, 0, 0, 0, 0, 0, 0, 0, 0, 0, 0, 0, 0, 0, 0, 0, 0, 0, 0, 0, 0, 0, 0, 0, 0, 0, 0, 0, 0, 0, 0, 0, 0, 0, 0, 0, 0, 0, 0, 0, 0, 0, 0, 0, 0, 0, 0, 0, 0, 0, 0, 0, 0, 0, 0, 0, 0, 0, 0, 0, 0, 0, 0, 0, 0, 0, 0, 0, 0, 0, 0, 0, 0, 0, 0, 0, 0, 0, 0, 0, 0, 0, 0, 0, 0, 0, 0, 0, 0, 0, 0, 0, 0, 0, 0, 0, 0, 0, 0, 0, 0, 0, 0, 0, 0, 0, 0, 0, 0, 0, 0, 0, 0, 0, 0, 0, 0, 0, 0, 0, 0, 0, 0, 0, 0, 0, 0, 0, 0, 0, 0, 0, 0, 0, 0, 0, 0, 0, 0, 0, 0, 0, 0, 0, 0, 0, 0, 0, 0, 0, 0, 0, 0, 0, 0, 0, 0, 0, 0, 0, 0, 0, 0, 0, 0, 0, 0, 0, 0, 0, 0, 0, 0, 0, 0, 0, 0, 0, 0, 0, 0, 0, 0, 0, 0, 0, 0, 0, 0, 0, 0, 0, 0, 0, 0, 0, 0, 0, 0, 0, 0, 0, 0, 0, 0, 0, 0, 0, 0, 0, 0, 0, 0, 0, 0, 0, 0, 0, 0, 0, 0, 0, 0, 0, 0, 0, 0, 0, 0, 0, 0, 0, 0, 0, 0, 0, 0, 0, 0, 0, 
Mockey/, lkb2k, 0, 0, 3, 0, 0, 0, 0, 0, 0, 0, 0, 0, 0, 0, 0, 2, 0, 0, 0, 0, 0, 2, 0, 0, 0, 0, 1, 0, 0, 0, 0, 0, 0, 0, 1, 0, 0, 0, 0, 0, 0, 0, 0, 0, 0, 0, 0, 0, 0, 0, 0, 0, 0, 0, 0, 0, 0, 0, 0, 0, 0, 0, 0, 0, 0, 0, 0, 0, 1, 0, 0, 0, 0, 0, 0, 0, 0, 0, 0, 0, 0, 0, 0, 0, 0, 0, 0, 0, 0, 0, 1, 0, 0, 0, 0, 0, 0, 0, 0, 0, 0, 0, 0, 0, 0, 0, 0, 0, 0, 0, 0, 0, 0, 0, 9, 0, 0, 0, 0, 0, 0, 1, 0, 0, 1, 0, 0, 0, 0, 0, 0, 2, 0, 1, 0, 0, 0, 0, 0, 0, 2, 0, 1, 0, 0, 0, 0, 0, 0, 0, 0, 0, 0, 0, 0, 2, 0, 0, 0, 0, 0, 0, 2, 0, 0, 0, 0, 0, 0, 0, 0, 0, 0, 0, 0, 0, 0, 0, 0, 0, 0, 0, 0, 0, 0, 0, 0, 0, 0, 0, 0, 0, 0, 0, 0, 0, 0, 0, 0, 0, 0, 0, 0, 0, 0, 0, 0, 0, 0, 0, 0, 0, 0, 0, 0, 0, 0, 0, 0, 1, 0, 0, 0, 0, 1, 0, 0, 1, 0, 0, 0, 0, 0, 0, 0, 0, 0, 0, 0, 0, 0, 0, 0, 0, 0, 0, 0, 2, 0, 0, 0, 0, 0, 0, 0, 0, 0, 0, 0, 0, 0, 0, 0, 0, 0, 0, 0, 0, 1, 0, 0, 2, 0, 0, 0, 0, 0, 0, 0, 0, 0, 0, 0, 0, 0, 0, 0, 1, 0, 0, 
Mockey/, Neil, 0, 0, 0, 46, 2, 0, 0, 0, 0, 4, 0, 0, 0, 0, 0, 0, 0, 2, 0, 0, 76, 0, 0, 0, 2, 0, 0, 0, 3, 0, 6, 0, 15, 1, 13, 0, 2, 0, 0, 6, 0, 0, 0, 4, 4, 0, 2, 0, 3, 0, 0, 15, 0, 0, 0, 29, 0, 2, 3, 0, 3, 19, 4, 0, 0, 0, 20, 0, 38, 28, 0, 0, 0, 0, 0, 6, 0, 2, 0, 0, 2, 0, 0, 0, 0, 0, 0, 0, 0, 5, 0, 0, 19, 2, 4, 0, 4, 0, 0, 0, 2, 0, 19, 0, 0, 18, 0, 0, 0, 0, 0, 0, 2, 0, 0, 0, 0, 45, 2, 0, 2, 0, 0, 0, 6, 0, 0, 0, 0, 0, 0, 0, 2, 0, 0, 0, 6, 0, 2, 0, 55, 0, 0, 0, 0, 0, 0, 0, 0, 0, 2, 0, 15, 0, 101, 6, 0, 0, 0, 2, 0, 0, 377, 0, 0, 2, 0, 0, 1, 0, 0, 0, 0, 36, 0, 0, 8, 0, 2, 0, 0, 0, 0, 2, 0, 5, 0, 0, 183, 0, 10, 0, 0, 0, 0, 0, 20, 0, 39, 0, 0, 0, 4, 0, 0, 0, 2, 2, 30, 0, 0, 0, 0, 0, 48, 0, 0, 0, 0, 4, 12, 0, 0, 0, 55, 0, 0, 0, 0, 0, 0, 0, 2, 0, 2, 0, 0, 6, 0, 0, 0, 4, 0, 1, 13, 2, 0, 0, 0, 0, 0, 0, 2, 2, 6, 2, 0, 0, 0, 0, 0, 2, 2, 0, 0, 0, 0, 0, 42, 2, 0, 0, 2, 0, 0, 0, 8, 0, 0, 0, 0, 0, 0, 0, 2, 0, 0, 0, 2, 2, 
Mockey/, Lorin, 0, 0, 0, 12, 2, 0, 0, 0, 0, 4, 0, 0, 0, 0, 0, 0, 0, 3, 0, 0, 46, 0, 0, 0, 1, 0, 0, 0, 6, 0, 5, 8, 7, 0, 5, 0, 1, 0, 0, 3, 0, 3, 0, 2, 0, 0, 2, 0, 1, 0, 0, 17, 0, 0, 0, 13, 0, 3, 1, 2, 1, 9, 2, 0, 0, 0, 5, 0, 38, 22, 0, 0, 0, 0, 0, 2, 0, 2, 0, 9, 7, 0, 9, 0, 0, 0, 0, 0, 0, 5, 0, 0, 25, 2, 4, 0, 4, 0, 0, 0, 2, 0, 7, 0, 0, 7, 0, 0, 0, 0, 0, 0, 3, 0, 0, 0, 1, 22, 2, 1, 2, 0, 0, 0, 5, 0, 0, 1, 0, 0, 0, 0, 1, 0, 0, 0, 11, 0, 2, 0, 55, 0, 0, 0, 0, 29, 0, 0, 0, 0, 3, 0, 15, 0, 36, 5, 0, 0, 0, 1, 0, 0, 320, 0, 0, 1, 3, 0, 4, 0, 6, 0, 0, 36, 0, 4, 0, 0, 2, 0, 1, 2, 0, 1, 0, 4, 0, 0, 116, 0, 5, 0, 1, 0, 0, 2, 18, 0, 40, 0, 0, 0, 5, 0, 0, 2, 1, 1, 28, 0, 6, 0, 0, 0, 13, 0, 1, 0, 0, 4, 12, 0, 0, 0, 51, 1, 0, 0, 0, 0, 0, 0, 1, 0, 2, 0, 1, 7, 0, 0, 0, 8, 0, 0, 10, 2, 2, 0, 18, 0, 0, 3, 2, 2, 4, 2, 17, 0, 0, 0, 0, 1, 2, 0, 0, 2, 0, 0, 40, 1, 0, 0, 1, 0, 0, 0, 4, 0, 1, 0, 0, 0, 0, 3, 2, 0, 0, 0, 2, 1, 
