Project, Author, org.motechproject.whp.reports.domain.paging.ContainerRecordPageRequest, org.motechproject.whp.reports.domain.measure.calllog.ContainerRegistrationCallLog, org.motechproject.whp.reports.export.query.service.ExcelExporter, org.motechproject.whp.reports.domain.paging.ProviderReminderCallLogPageRequest, java.lang.RuntimeException, org.motechproject.whp.reports.export.query.dao.query.builder.PatientCloseTreatmentPredicateBuilder, UserGivenPatientDetailsReportingRequest, org.motechproject.calllog.repository.GenericCallLogRepository, org.motechproject.whp.reports.repository.PatientRepository, org.motechproject.whp.reports.repository.AdherenceCallLogRepository, org.motechproject.whp.reports.domain.measure.ContainerRegistrationCallLog, org.motechproject.whp.reports.domain.CallLog, org.motechproject.whp.reports.contract.patient.Therapy, org.motechproject.whp.reports.repository.ContainerRegistrationCallLogRepository, org.codehaus.jackson.map.ObjectMapper, org.motechproject.whp.reports.service.ContainerPatientMappingReportingRequest, org.apache.log4j.Logger, org.motechproject.whp.reports.repository.AdherenceAuditLogRepository, org.motechproject.whp.reports.domain.measure.container.UserGivenPatientDetails, org.motechproject.whp.reports.service.BaseService, org.motechproject.whp.reports.export.query.model.PatientReportRequest, TreatmentDTO, org.motechproject.whp.reports.domain.patient.TreatmentDetails, AdherenceCaptureRequest, ProviderReportRequest, org.motechproject.whp.reports.service.MotechJpaRepository, java.lang.Double, org.motechproject.whp.reports.webservice.controller.SputumLabResultsCaptureReportingRequest, ContainerSummary, org.motechproject.whp.reports.contract.CallLogRequest, FlashingLogRequest, org.motechproject.whp.reports.builder.SputumLabResultsCaptureReportingRequest, PatientAlerts, ContainerStatusReportingRequest, org.motechproject.event.MotechEvent, org.motechproject.whp.reports.domain.adherence.AdherenceRecord, org.motechproject.whp.reports.contract.ContainerRegistrationCallDetailsLogRequest, javax.validation.ConstraintValidatorContext, org.motechproject.whp.reports.contract.patient.TherapyDTO, org.motechproject.whp.reports.bigquery.model.Query, org.motechproject.whp.reports.config.ReportQueries, org.motechproject.whp.reports.export.query.dao.query.builder.PatientSummaryPredicateBuilder, org.motechproject.crud.model.CrudModel, org.motechproject.whp.reports.repository.PatientAdherenceSubmissionRepository, org.motechproject.whp.reports.calllog.request.OutboundDetails, org.motechproject.whp.reports.contract.patient.Address, org.motechproject.whp.reports.builder.ContainerRegistrationReportingRequest, org.motechproject.whp.reports.contract.ProviderVerificationLogRequest, org.motechproject.whp.reports.export.query.dao.query.builder.PredicateBuilderFactory, org.motechproject.whp.reports.builder.Address, SputumLabResultsCaptureReportingRequest, org.motechproject.whp.reports.webservice.controller.ProviderController, org.motechproject.whp.reports.webservice.service.ContainerTrackingReportService, java.sql.PreparedStatement, boolean, Treatment, org.motechproject.whp.reports.export.query.dao.AdherenceRecordRepository, javax.servlet.http.HttpServletRequest, org.motechproject.whp.reports.builder.AdherenceCaptureRequest, org.motechproject.whp.reports.export.query.controller.ReportsController, java.io.StringWriter, org.motechproject.whp.reports.mapper.ProviderReminderCallLogMapper, org.motechproject.bigquery.service.BigQueryService, org.motechproject.whp.reports.domain.measure.calllog.PatientReminderCallLog, org.motechproject.whp.reports.service.AdherenceAuditLogService, org.motechproject.whp.reports.repository.AllCallLogs, org.motechproject.whp.reports.repository.ProviderReminderCallLogRepository, org.motechproject.whp.reports.bigquery.query.QueryBuilder, org.motechproject.whp.reports.contract.adherence.AdherenceRecordDTO, org.motechproject.whp.reports.mapper.AdherenceAuditLogMapper, PatientReminderCallLogMapper, AdherenceCallLogRequest, DateRange, CallLogRequest, org.motechproject.whp.reports.contract.adherence.ProviderAdherenceSummaries, org.motechproject.whp.reports.webservice.service.ProviderReminderCallLogReportService, org.motechproject.whp.reports.contract.AdherenceCallLogRequest, org.motechproject.whp.reports.contract.patient.PatientAlerts, org.motechproject.whp.reports.service.PatientAdherenceSubmissionService, org.motechproject.whp.reports.contract, org.motechproject.whp.reports.service.PatientReminderCallLogService, org.motechproject.whp.reports.contract.adherence.WeeklyAdherenceStatus, org.springframework.data.domain.Pageable, org.motechproject.whp.reports.export.query.dao.AdherenceAuditLogRepository, org.motechproject.whp.reports.service.AdherenceCallLogService, ProviderReminderCallLogSummary, org.motechproject.whp.reports.mapper.ProviderMapper, org.motechproject.whp.reports.calllog.service.CallLogService, AdherenceCallStatusRequest, java.lang.Boolean, org.motechproject.whp.reports.export.query.builder.WhpExcelReportBuilder, org.motechproject.whp.reports.repository.AdherenceRecordRepository, PatientAlertsDTO, PatientSummaryPredicateBuilder, org.motechproject.whp.reports.builder.TherapyDTO, org.junit.rules.ExpectedException, org.motechproject.whp.reports.domain.dimension.Provider, org.motechproject.whp.reports.contract.patient.PatientDTO, org.motechproject.whp.reports.export.query.service.WhpExcelExporter, org.motechproject.whp.reports.export.query.dao.PatientReportType, java.lang.Object[], org.motechproject.whp.reports.repository.FlashingLogRepository, org.motechproject.excel.builder.service.ExcelExporter, org.motechproject.whp.reports.export.query.builder.AdherenceRecordsReportBuilder, org.joda.time.format.DateTimeFormatter, org.motechproject.whp.reports.export.query.service.PatientReportRequest, org.motechproject.whp.reports.service.FlashingLogService, java.util.List, ?[], javax.xml.bind.JAXBContext, org.motechproject.whp.reports.domain.measure.PatientAdherenceSubmission, org.apache.velocity.runtime.parser.node.SimpleNode, org.motechproject.whp.reports.domain.measure.calllog.AdherenceCallLog, org.motechproject.whp.reports.builder.AdherenceCallLogRequest, org.motechproject.whp.reports.domain.dimension.DateTimeDimension, org.apache.velocity.context.InternalContextAdapterImpl, org.motechproject.donotcall.domain.EntityType, org.motechproject.whp.reports.builder.DomainMapper, org.joda.time.LocalDateTime, ?extendsjavax.validation.Payload[], javax.servlet.http.HttpSession, org.motechproject.whp.reports.export.query.dao.ReasonForClosureRepository, org.motechproject.whp.reports.repository.AllSputumTrackingRecords, org.motechproject.whp.reports.contract.FlashingLogRequest, org.springframework.web.client.RestTemplate, org.motechproject.whp.reports.webservice.controller.PatientAdherenceSummaryController, org.motechproject.whp.reports.contract.enums.YesNo, net.sf.jxls.transformer.XLSTransformer, java.lang.Exception, org.hibernate.SessionFactory, org.motechproject.donotcall.domain.AlertType, org.motechproject.whp.reports.service.PatientService, org.joda.time.LocalDate, org.motechproject.whp.reports.export.query.service.ReportQueryService, org.motechproject.whp.reports.contract.patient.AddressDTO, java.util.ArrayList, PatientSummary, org.motechproject.whp.reports.bigquery.service.AllQueries, org.apache.velocity.runtime.parser.node.Node, org.springframework.jdbc.core.JdbcTemplate, java.lang.reflect.Array, org.motechproject.whp.reports.mapper.PatientReminderCallLogMapper, org.motechproject.whp.reports.config.WhpReportQueries, org.motechproject.whp.reports.export.query.controller.AdherenceAuditLogReportsController, org.motechproject.whp.reports.contract.patient.Patient, org.springframework.web.bind.MethodArgumentNotValidException, org.motechproject.whp.reports.export.query.controller.AdherenceRecordReportsController, org.motechproject.whp.reports.contract.ContainerStatusReportingRequest, org.motechproject.whp.reports.webservice.service.ContainerSummaryReportService, org.springframework.core.io.Resource, org.motechproject.whp.reports.model.ProviderWeeklyAdherenceStatus, org.motechproject.whp.reports.export.query.builder.ReportBuilder, ContainerRegistrationReportingRequest, org.motechproject.whp.reports.export.query.dao.PredicateBuilderFactory, org.apache.velocity.context.InternalContextAdapter, Repository, org.motechproject.whp.reports.export.query.model.DateRange, org.motechproject.whp.reports.domain.measure.calllog.ProviderReminderCallLog, org.springframework.core.io.InputStreamSource, org.motechproject.whp.reports.webservice.controller.HomeController, org.motechproject.whp.reports.repository.AllSputumTrackings, org.motechproject.whp.reports.repository.ContainerRecordRepository, javax.xml.bind.Marshaller, org.motechproject.whp.reports.calllog.controller.CallLogController, java.lang.String, org.motechproject.whp.reports.contract.patient.TreatmentDTO, org.motechproject.whp.reports.domain.dimension.AlternateDiagnosis, org.motechproject.whp.reports.export.query.controller.PatientReportsController, org.motechproject.whp.reports.export.query.builder.AdherenceAuditLogReportBuilder, org.apache.poi.ss.usermodel.Sheet, org.motechproject.whp.reports.webservice.controller.AdherenceCallLogCaptureController, org.motechproject.whp.reports.webservice.controller.SputumTrackingController, org.motechproject.donotcall.repository.DoNotCallEntryRepository, org.motechproject.whp.reports.webservice.controller.PatientController, org.motechproject.whp.reports.export.query.builder.ProviderReminderCallLogReportBuilder, org.motechproject.whp.reports.calllog.repository.GenericCallLogRepository, org.motechproject.whp.reports.export.query.dao.ProviderReportRequest, org.motechproject.whp.reports.service.ContainerRegistrationReportingRequest, org.motechproject.whp.reports.domain.measure.calllog.FlashingLog, org.motechproject.whp.reports.contract.patient.TreatmentDetailsDTO, TreatmentDetailsDTO, org.motechproject.whp.reports.builder.ContainerStatusReportingRequest, org.motechproject.whp.reports.service.ProviderAdherenceDataService, org.motechproject.whp.reports.repository.AllFlashingLogs, org.springframework.orm.hibernate3.HibernateTemplate, java.lang.Integer, org.motechproject.whp.reports.repository.AllContainerRegistrationCallLogs, java.util.Map, java.util.Date, org.motechproject.whp.reports.bigquery.dao.SqlQueryParamBuilder, java.util.Map$Entry, org.motechproject.whp.reports.builder.Patient, org.motechproject.whp.reports.contract.SputumTrackingRequest, org.motechproject.whp.reports.domain.dimension.DateDimension, org.motechproject.whp.reports.mapper.SputumLabResultsCaptureReportingRequest, org.motechproject.whp.reports.service.DistrictService, org.springframework.validation.beanvalidation.LocalValidatorFactoryBean, org.motechproject.whp.reports.webservice.request.CallLogRequest, org.motechproject.crud.service.CrudEntity, org.motechproject.whp.reports.domain.measure.SputumTrackingRecord, org.motechproject.whp.reports.dao.PatientQueryDAO, org.motechproject.whp.reports.contract.ContainerRegistrationReportingRequest, org.motechproject.whp.reports.model.AdherenceStatus, org.motechproject.whp.reports.webservice.mapper.ProviderReminderCallLogSummaryMapper, org.motechproject.whp.reports.bigquery.response.QueryResult, java.util.Set, com.fasterxml.jackson.dataformat.xml.XmlMapper, BaseController, org.motechproject.whp.reports.domain.patient.PatientAlerts, org.motechproject.whp.reports.webservice.model.ContainerSummary, org.motechproject.whp.reports.mapper.ContainerRegistrationReportingRequest, org.springframework.transaction.TransactionStatus, org.motechproject.whp.reports.repository.PatientReminderCallLogRepository, org.motechproject.whp.reports.mapper.PatientMapper, org.hibernate.classic.Session, org.motechproject.whp.reports.contract.AdherenceCaptureRequest, PatientReportRequest, org.motechproject.crud.service.CrudService, org.motechproject.whp.reports.builder.AddressDTO, java.sql.Timestamp, org.motechproject.whp.reports.export.query.model.ProviderReminderCallLogSummary, org.motechproject.whp.reports.export.query.model.AdherenceAuditLogSummary, org.dbunit.dataset.ReplacementDataSet, org.motechproject.whp.reports.mapper.ContainerReportingRequestMapper, org.motechproject.whp.reports.repository.StubContainerRecordService, org.motechproject.whp.reports.bigquery.dao.QueryDAO, org.motechproject.whp.reports.contract.AdherenceSubmissionRequest, org.motechproject.whp.reports.calllog.request.CallLogRequest, TherapyDTO, org.motechproject.whp.reports.contract.provider.ProviderDTO, org.motechproject.whp.reports.contract.validation.DateTimeFormat, org.motechproject.whp.reports.export.query.model.AdherenceRecordSummary, org.motechproject.whp.reports.bigquery.service.QueryService, PatientCloseTreatmentPredicateBuilder, org.motechproject.whp.reports.export.query.dao.AlternateDiagnosisRepository, org.motechproject.whp.reports.webservice.request.AdherenceCaptureRequest, org.motechproject.scheduler.context.EventContext, org.motechproject.whp.reports.service.CallLogService, org.springframework.validation.BeanPropertyBindingResult, org.motechproject.bigquery.response.QueryResult, java.io.Writer, org.motechproject.whp.reports.domain.measure.SputumTracking, org.motechproject.whp.reports.domain.adherence.AdherenceAuditLog, org.springframework.jdbc.core.namedparam.NamedParameterJdbcTemplate, java.text.SimpleDateFormat, ContainerPatientMappingReportingRequest, org.motechproject.whp.reports.repository.TestContainerRecordService, org.motechproject.whp.reports.builder.PatientAlerts, PredicateBuilder, org.motechproject.whp.reports.webservice.mapper.ContainerSummaryMapper, S, java.io.InputStream, org.motechproject.whp.reports.export.query.model.PatientSummary, org.motechproject.whp.reports.export.query.builder.ExcelReportBuilder, org.motechproject.whp.reports.bigquery.model.NamedQueries, org.motechproject.whp.reports.domain.patient.Therapy, org.motechproject.whp.reports.bigquery.model.FilterParams, org.motechproject.whp.reports.webservice.controller.FlashingLogCaptureController, org.mockito.ArgumentCaptor, org.motechproject.whp.reports.repository.AllPatientAdherenceSubmissions, org.motechproject.whp.reports.contract.ContainerRegistrationCallLogRequest, org.motechproject.whp.reports.contract.ContainerPatientMappingReportingRequest, org.motechproject.whp.reports.webservice.controller.AdherenceSubmissionController, java.util.Collection, org.motechproject.whp.reports.service.ContainerRecordService, org.motechproject.whp.reports.domain.adherence.AdherenceRecordId, org.motechproject.whp.reports.export.query.model.ProviderReportRequest, org.motechproject.whp.reports.bigquery.service.Queries, org.motechproject.whp.reports.domain.measure.CallLog, TreatmentDetails, org.motechproject.whp.reports.service.AdherenceRecordService, org.motechproject.whp.reports.builder.Treatment, org.motechproject.whp.reports.export.query.dao.PatientSummary, org.motechproject.whp.reports.builder.Therapy, ProviderReminderCallLogMapper, org.springframework.data.domain.Page, org.hibernate.engine.spi.SessionImplementor, org.motechproject.whp.reports.domain.measure.AdherenceCallLog, org.motechproject.donotcall.domain.DoNotCallEntry, org.springframework.transaction.PlatformTransactionManager, java.util.Iterator, org.motechproject.whp.reports.export.query.builder.ContainerReportBuilder, org.motechproject.whp.reports.webservice.model.ProviderReminderCallLogSummary, org.motechproject.calllog.domain.CallLog, org.motechproject.whp.reports.dao.ProviderAdherenceQueryDAO, org.motechproject.whp.reports.service.ProviderService, org.motechproject.whp.reports.domain.measure.ContainerRecord, java.util.Properties, org.motechproject.whp.reports.webservice.controller.CallLogCaptureController, java.lang.Long, org.motechproject.whp.reports.webservice.controller.ContainerStatusReportingRequest, org.motechproject.whp.reports.builder.CallLogRequest, org.motechproject.whp.reports.contract.adherence.AdherenceAuditLogDTO, bad.robot.excel.valuetypes.Coordinate, org.motechproject.whp.reports.export.query.dao.ReportQueryDAO, org.motechproject.whp.reports.repository.ProviderRepository, Address, org.apache.poi.ss.usermodel.Workbook, org.motechproject.bigquery.model.FilterParams, net.sf.ehcache.CacheManager, org.motechproject.whp.reports.contract.AdherenceCallStatusRequest, java.sql.Date, org.motechproject.whp.reports.webservice.controller.ContainerRegistrationReportingRequest, bad.robot.excel.valuetypes.ExcelColumnIndex, org.motechproject.whp.reports.mapper.AdherenceRecordMapper, org.motechproject.whp.reports.repository.DistrictRepository, org.motechproject.whp.reports.webservice.controller.AdherenceRecordController, javax.sql.DataSource, org.motechproject.whp.reports.mapper.UserGivenPatientDetailsReportingRequest, org.motechproject.whp.reports.repository.AlternateDiagnosisRepository, TreatmentWeek, org.motechproject.whp.reports.service.UserGivenPatientDetailsReportingRequest, org.motechproject.whp.reports.domain.dimension.ReasonForClosure, org.motechproject.whp.reports.calllog.domain.CallLog, org.motechproject.whp.reports.export.query.controller.WhpReportsController, org.springframework.transaction.support.TransactionTemplate, org.motechproject.whp.reports.contract.UserGivenPatientDetailsRequest, org.motechproject.whp.reports.export.query.dao.ProviderReminderCallLogRepository, org.motechproject.whp.reports.webservice.controller.ProviderReminderCallLogController, org.motechproject.whp.reports.export.query.builder.PatientSummaryReportBuilder, org.motechproject.whp.reports.contract.ContainerVerificationLogRequest, org.motechproject.model.DayOfWeek, T, org.motechproject.whp.reports.bigquery.service.WhpQueryService, org.motechproject.whp.reports.repository.AllAdherenceCallLogs, org.motechproject.whp.reports.builder.ContainerRegistrationCallLogMapper, org.motechproject.whp.reports.contract.PatientReminderCallLogRequest, org.motechproject.whp.reports.domain.measure.container.ContainerRecord, AddressDTO, org.motechproject.whp.reports.export.query.dao.PatientReportRequest, org.motechproject.whp.reports.mapper.ContainerStatusReportingRequest, org.motechproject.whp.reports.bigquery.service.BigQueryService, org.apache.velocity.runtime.RuntimeInstance, org.motechproject.whp.reports.webservice.controller.ProviderAdherenceSummaryController, org.motechproject.donotcall.dao.DoNotCallEntryDao, org.motechproject.whp.reports.mapper.Treatment, java.io.Serializable, org.motechproject.whp.reports.webservice.controller.ContainerRegistrationCallLogController, org.motechproject.whp.reports.mapper.Patient, ProviderAdherenceSummary, org.motechproject.whp.reports.service.SputumLabResultsCaptureReportingRequest, AdherenceAuditLogSummary, java.util.HashMap, org.motechproject.whp.reports.export.query.dao.ProviderRepository, org.motechproject.whp.reports.webservice.controller.UserGivenPatientDetailsReportingRequest, org.motechproject.validation.validator.BeanValidator, org.motechproject.whp.reports.service.PatientAdherenceDataService, org.motechproject.whp.reports.webservice.controller.AdherenceAuditLogController, org.motechproject.whp.reports.repository.ReasonForClosureRepository, org.motechproject.whp.reports.export.query.builder.ProviderReportBuilder, org.motechproject.whp.reports.domain.measure.ProviderReminderCallLog, org.motechproject.whp.reports.contract.ContainerRegistrationRequest, org.motechproject.whp.reports.contract.SputumLabResultsCaptureReportingRequest, UserGivenPatientDetailsRequest, Domain, org.slf4j.Logger, org.springframework.ui.Model, org.motechproject.whp.reports.export.query.dao.ProviderReportType, org.motechproject.whp.reports.domain.patient.Treatment, org.motechproject.whp.reports.domain.TreatmentWeek, org.motechproject.whp.reports.builder.FlashingLogRequest, AdherenceRecordMapper, org.motechproject.whp.reports.service.ContainerStatusReportingRequest, org.motechproject.whp.reports.export.query.builder.PatientReportBuilder, org.dbunit.dataset.xml.FlatXmlDataSet, org.apache.commons.dbcp.BasicDataSource, org.motechproject.whp.reports.export.query.dao.PatientRepository, org.motechproject.whp.reports.service.DoNotCallEntryService, org.joda.time.Period, org.motechproject.whp.reports.domain.dimension.District, org.motechproject.whp.reports.bigquery.dao.BigQueryDAO, org.motechproject.whp.reports.mapper.UserGivenPatientDetailsRequest, long, Therapy, AdherenceCaptureController, org.motechproject.whp.reports.repository.DataAccessTemplate, java.sql.ResultSet, org.motechproject.whp.reports.export.query.dao.ContainerRecordRepository, org.motechproject.whp.reports.contract.ProviderReminderCallLogRequest, org.motechproject.whp.reports.export.query.dao.query.builder.ProviderReminderCallLogSummaryPredicateBuilder, org.motechproject.whp.reports.bigquery.query.VelocityTemplateBuilder, org.motechproject.whp.reports.contract.patient.Treatment, org.motechproject.whp.reports.builder.PatientDTO, org.motechproject.whp.reports.contract.UserGivenPatientDetails, org.motechproject.whp.reports.service.SputumTrackingService, java.lang.Object, org.motechproject.whp.reports.export.query.dao.ContainerSummary, org.motechproject.whp.reports.domain.patient.Address, org.motechproject.whp.reports.dataservice.DateTimeDimensionService, int, AdherenceDataReportQueryBuilder, org.motechproject.whp.reports.bigquery.dao.WhpQueryDAO, org.motechproject.whp.reports.export.query.controller.ProviderReportsController, java.io.OutputStream, org.motechproject.whp.reports.export.query.service.ProviderReportRequest, org.motechproject.whp.reports.webservice.controller.AdherenceCaptureController, org.motechproject.whp.reports.domain.patient.Patient, org.motechproject.whp.reports.bigquery.controller.BigQueryController, org.motechproject.whp.reports.service.ProviderReminderCallLogService, org.joda.time.DateTime, org.motechproject.whp.reports.webservice.controller.ContainerPatientMappingReportingRequest, org.motechproject.whp.reports.export.query.model.ContainerSummary, org.motechproject.whp.reports.calllog.mapper.CallLogMapper, org.motechproject.whp.reports.domain.measure.FlashingLog, AdherenceAuditLogReportQueryBuilder, org.motechproject.whp.reports.calllog.handler.CallLogHandler, org.apache.poi, DateTimeDimension, javax.servlet.http.HttpServletResponse, org.motechproject.whp.reports.contract.adherence.ProviderAdherenceSummary, FilterParams, org.motechproject.whp.reports.mapper.ContainerPatientMappingReportingRequest, org.motechproject.whp.reports.service.ContainerRegistrationCallLogService, org.motechproject.whp.reports.contract.patient.PatientAlertsDTO, org.motechproject.whp.reports.builder.PatientAlertsDTO, org.joda.time.format.DateTimeFormatterBuilder, CallLog, org.hibernate.Query, 
motech-whp-reports/, Vishal, 4, 24, 6, 0, 0, 1, 0, 2, 13, 7, 8, 16, 1, 7, 7, 0, 0, 5, 4, 1, 6, 1, 0, 0, 0, 1, 4, 0, 0, 6, 0, 0, 2, 0, 0, 15, 1, 0, 3, 2, 0, 0, 2, 5, 0, 1, 0, 0, 0, 2, 0, 1, 1, 0, 13, 3, 0, 0, 0, 2, 2, 3, 8, 0, 4, 6, 3, 1, 8, 3, 0, 1, 4, 1, 2, 1, 7, 1, 0, 1, 0, 1, 0, 0, 4, 0, 1, 0, 0, 0, 0, 8, 1, 0, 1, 0, 8, 18, 0, 0, 1, 9, 0, 1, 5, 0, 0, 103, 0, 0, 3, 1, 10, 2, 0, 1, 2, 2, 2, 0, 0, 0, 0, 4, 0, 1, 1, 1, 0, 1, 0, 2, 63, 3, 1, 0, 0, 9, 5, 5, 8, 0, 0, 0, 2, 0, 0, 4, 2, 1, 0, 3, 0, 0, 2, 2, 0, 21, 2, 0, 0, 11, 0, 0, 576, 2, 3, 1, 1, 1, 1, 0, 8, 1, 1, 0, 0, 0, 9, 0, 0, 0, 4, 0, 0, 51, 4, 30, 59, 2, 1, 2, 0, 0, 0, 0, 0, 6, 2, 0, 4, 7, 2, 4, 9, 2, 1, 1, 1, 2, 0, 6, 0, 0, 1, 14, 1, 0, 1, 38, 0, 0, 0, 4, 2, 3, 2, 0, 1, 5, 0, 0, 3, 0, 0, 3, 0, 1, 0, 43, 2, 0, 3, 4, 1, 0, 1, 2, 0, 4, 2, 1, 2, 29, 2, 4, 11, 0, 1, 0, 5, 4, 1, 3, 10, 3, 0, 8, 3, 0, 4, 0, 0, 2, 1, 0, 0, 24, 9, 4, 0, 0, 3, 4, 4, 3, 22, 1, 0, 24, 0, 0, 4, 3, 4, 1, 2, 8, 25, 1, 0, 83, 0, 0, 3, 5, 1, 5, 0, 3, 1, 0, 2, 0, 0, 4, 0, 0, 2, 3, 0, 1, 6, 1, 4, 0, 0, 57, 1, 0, 0, 6, 1, 1, 0, 0, 0, 3, 5, 1, 0, 0, 0, 0, 0, 0, 4, 1, 2, 0, 19, 0, 4, 0, 1, 2, 2, 0, 17, 3, 0, 1, 0, 0, 1, 0, 0, 0, 1, 1, 7, 0, 18, 3, 1, 5, 0, 0, 6, 0, 2, 1, 2, 3, 0, 17, 0, 1, 0, 122, 0, 0, 0, 7, 0, 0, 59, 1, 9, 26, 0, 0, 0, 6, 0, 0, 2, 0, 5, 13, 2, 0, 4, 1, 1, 0, 0, 1, 
motech-whp-reports/, Vikram, 0, 0, 0, 0, 0, 0, 0, 0, 0, 0, 0, 0, 0, 0, 0, 0, 0, 0, 0, 0, 0, 0, 0, 0, 0, 0, 0, 0, 0, 0, 0, 0, 0, 0, 0, 0, 0, 0, 0, 0, 0, 0, 0, 0, 0, 0, 0, 0, 0, 0, 0, 0, 0, 0, 0, 0, 0, 0, 0, 0, 0, 0, 0, 0, 0, 0, 0, 0, 0, 0, 0, 0, 0, 0, 0, 0, 0, 0, 0, 0, 0, 0, 0, 0, 0, 0, 0, 0, 0, 0, 0, 0, 0, 0, 0, 0, 0, 0, 0, 0, 0, 0, 0, 0, 0, 0, 0, 0, 0, 0, 0, 0, 0, 0, 0, 0, 0, 0, 0, 0, 0, 0, 0, 0, 0, 0, 0, 0, 0, 0, 0, 0, 0, 0, 0, 0, 0, 0, 0, 0, 0, 0, 0, 0, 0, 0, 0, 0, 0, 0, 0, 0, 0, 0, 0, 0, 0, 0, 0, 0, 0, 0, 0, 0, 0, 0, 0, 0, 0, 0, 0, 0, 0, 0, 0, 0, 0, 0, 0, 0, 0, 0, 0, 0, 0, 0, 0, 0, 0, 0, 0, 0, 0, 0, 0, 0, 0, 0, 0, 0, 0, 0, 0, 0, 0, 0, 0, 0, 0, 0, 0, 0, 0, 0, 0, 0, 0, 0, 0, 0, 0, 0, 0, 0, 0, 0, 0, 0, 0, 0, 0, 0, 0, 0, 0, 0, 0, 0, 0, 0, 0, 0, 0, 0, 0, 0, 0, 0, 0, 0, 0, 0, 0, 0, 0, 0, 0, 0, 0, 0, 0, 0, 0, 0, 0, 0, 0, 0, 0, 0, 0, 0, 0, 0, 0, 0, 0, 0, 0, 0, 0, 0, 0, 0, 0, 0, 0, 0, 0, 0, 0, 0, 0, 0, 0, 0, 0, 0, 0, 0, 0, 0, 0, 0, 0, 0, 0, 0, 0, 0, 0, 0, 0, 0, 0, 0, 0, 0, 0, 0, 0, 0, 0, 0, 0, 0, 0, 0, 0, 0, 0, 0, 0, 0, 0, 0, 0, 0, 0, 0, 0, 0, 0, 0, 0, 0, 0, 0, 0, 0, 0, 0, 0, 0, 0, 0, 0, 0, 0, 0, 0, 0, 0, 0, 0, 0, 0, 0, 0, 0, 0, 0, 0, 0, 0, 0, 0, 0, 0, 0, 0, 0, 0, 0, 0, 0, 0, 0, 0, 0, 0, 0, 0, 0, 0, 0, 0, 0, 0, 0, 0, 0, 0, 0, 0, 0, 0, 0, 0, 0, 0, 0, 0, 0, 0, 0, 0, 0, 
motech-whp-reports/, Devaradhan, 0, 0, 0, 0, 0, 0, 0, 0, 0, 0, 0, 0, 0, 0, 0, 0, 0, 0, 0, 0, 0, 0, 0, 0, 0, 0, 0, 0, 0, 0, 0, 0, 0, 0, 0, 0, 0, 0, 0, 0, 0, 0, 0, 0, 0, 0, 0, 0, 0, 0, 0, 0, 0, 0, 0, 0, 0, 0, 0, 0, 0, 0, 0, 0, 0, 0, 0, 0, 0, 0, 0, 0, 0, 0, 0, 0, 0, 0, 0, 0, 0, 0, 0, 0, 0, 0, 0, 0, 0, 0, 0, 0, 0, 0, 0, 0, 0, 0, 0, 0, 0, 0, 0, 0, 0, 0, 0, 0, 0, 0, 0, 0, 0, 0, 0, 0, 0, 0, 0, 0, 0, 0, 0, 0, 0, 0, 0, 0, 0, 0, 0, 0, 0, 0, 0, 0, 0, 0, 0, 0, 0, 0, 0, 0, 0, 0, 0, 0, 0, 0, 0, 0, 0, 0, 0, 0, 0, 0, 0, 0, 0, 0, 0, 0, 0, 0, 0, 0, 0, 0, 0, 0, 0, 0, 0, 0, 0, 0, 0, 0, 0, 0, 0, 0, 0, 0, 0, 0, 0, 0, 0, 0, 0, 0, 0, 0, 0, 0, 0, 0, 0, 0, 0, 0, 0, 0, 0, 0, 0, 0, 0, 0, 0, 0, 0, 0, 0, 0, 0, 0, 0, 0, 0, 0, 0, 0, 0, 0, 0, 0, 0, 0, 0, 0, 0, 0, 0, 0, 0, 0, 0, 0, 0, 0, 0, 0, 0, 0, 0, 0, 0, 0, 0, 0, 0, 0, 0, 0, 0, 0, 0, 0, 0, 0, 0, 0, 0, 0, 0, 0, 0, 0, 0, 0, 0, 0, 0, 0, 0, 0, 0, 0, 0, 0, 0, 0, 0, 0, 0, 0, 0, 0, 0, 0, 0, 0, 0, 0, 0, 0, 0, 0, 0, 0, 0, 0, 0, 0, 0, 0, 0, 0, 0, 0, 0, 0, 0, 0, 0, 0, 0, 0, 0, 0, 0, 0, 0, 0, 0, 0, 0, 0, 0, 0, 0, 0, 0, 0, 0, 0, 0, 0, 0, 0, 0, 0, 0, 0, 0, 0, 0, 0, 0, 0, 0, 0, 0, 0, 0, 0, 0, 0, 0, 0, 0, 0, 0, 0, 0, 0, 0, 0, 0, 0, 0, 0, 0, 0, 0, 0, 0, 0, 0, 0, 0, 0, 0, 0, 0, 0, 0, 0, 0, 0, 0, 0, 0, 0, 0, 0, 0, 0, 0, 0, 0, 0, 0, 0, 0, 0, 0, 0, 0, 0, 0, 0, 0, 0, 
motech-whp-reports/, atish, 0, 0, 0, 0, 0, 0, 0, 0, 0, 0, 0, 0, 0, 0, 0, 0, 0, 0, 0, 0, 0, 0, 0, 0, 0, 0, 0, 0, 0, 0, 0, 0, 0, 0, 0, 0, 0, 0, 0, 0, 0, 0, 0, 0, 0, 0, 0, 0, 0, 0, 0, 0, 0, 0, 0, 0, 0, 1, 0, 0, 0, 0, 0, 0, 0, 0, 0, 0, 0, 0, 0, 0, 0, 0, 0, 0, 0, 0, 0, 0, 0, 0, 0, 0, 0, 0, 0, 0, 0, 0, 0, 0, 0, 0, 0, 0, 0, 0, 0, 0, 0, 0, 0, 0, 0, 0, 0, 0, 0, 0, 0, 0, 0, 0, 0, 0, 0, 0, 0, 0, 0, 0, 0, 0, 2, 0, 0, 0, 0, 0, 0, 0, 0, 0, 0, 0, 0, 0, 0, 1, 0, 0, 0, 0, 0, 0, 0, 0, 0, 0, 0, 0, 0, 0, 0, 0, 0, 0, 0, 0, 0, 0, 0, 0, 4, 0, 0, 0, 0, 0, 0, 0, 0, 0, 0, 0, 0, 0, 0, 0, 0, 0, 0, 0, 0, 0, 0, 0, 0, 0, 0, 0, 0, 0, 0, 0, 0, 0, 0, 0, 0, 0, 0, 0, 0, 0, 0, 0, 0, 0, 0, 0, 0, 0, 0, 0, 0, 0, 0, 0, 0, 0, 0, 0, 0, 0, 0, 0, 0, 0, 0, 0, 0, 0, 0, 0, 0, 0, 0, 0, 0, 0, 0, 0, 0, 0, 0, 0, 0, 0, 0, 0, 0, 0, 0, 0, 0, 0, 0, 0, 0, 0, 0, 0, 0, 0, 0, 0, 0, 0, 0, 0, 0, 0, 0, 0, 0, 0, 0, 0, 0, 0, 0, 0, 0, 0, 0, 2, 0, 2, 0, 0, 0, 0, 0, 0, 0, 0, 0, 0, 0, 0, 0, 0, 0, 0, 0, 1, 0, 0, 0, 0, 0, 0, 0, 0, 0, 0, 0, 0, 0, 0, 0, 0, 0, 0, 0, 0, 0, 0, 0, 0, 0, 0, 2, 0, 0, 0, 0, 0, 0, 0, 0, 0, 0, 0, 0, 0, 0, 0, 0, 0, 0, 0, 0, 0, 0, 0, 0, 0, 0, 0, 0, 0, 0, 0, 0, 2, 0, 0, 0, 0, 0, 0, 0, 0, 0, 0, 0, 0, 0, 0, 0, 0, 0, 0, 0, 0, 0, 0, 0, 0, 0, 0, 0, 0, 0, 0, 0, 0, 0, 0, 0, 0, 0, 0, 0, 0, 0, 0, 0, 0, 0, 0, 0, 0, 0, 0, 
motech-whp-reports/, dheerenn, 3, 24, 0, 0, 0, 3, 5, 2, 12, 4, 0, 0, 0, 8, 1, 1, 1, 5, 9, 1, 38, 1, 3, 0, 1, 1, 4, 1, 0, 0, 0, 0, 1, 3, 0, 22, 6, 1, 3, 0, 0, 3, 1, 3, 0, 0, 0, 6, 1, 1, 3, 1, 0, 0, 19, 3, 1, 2, 0, 0, 0, 3, 12, 6, 4, 0, 4, 0, 11, 4, 2, 3, 7, 0, 2, 0, 10, 0, 3, 0, 2, 3, 1, 1, 4, 2, 4, 0, 24, 1, 14, 6, 1, 0, 1, 0, 25, 18, 4, 1, 1, 4, 1, 2, 6, 2, 4, 136, 1, 1, 4, 0, 10, 0, 0, 0, 1, 11, 0, 1, 1, 0, 0, 5, 0, 1, 0, 1, 1, 0, 1, 5, 43, 13, 1, 1, 1, 0, 0, 4, 9, 2, 3, 0, 0, 1, 0, 0, 0, 1, 1, 3, 3, 0, 0, 2, 7, 22, 0, 1, 0, 9, 1, 0, 675, 3, 4, 1, 2, 1, 1, 1, 4, 1, 0, 0, 1, 1, 9, 1, 1, 0, 4, 0, 0, 55, 0, 35, 60, 0, 0, 1, 0, 0, 1, 4, 1, 0, 1, 0, 4, 1, 2, 0, 0, 2, 0, 1, 1, 0, 2, 2, 2, 3, 0, 12, 5, 1, 1, 48, 3, 2, 1, 4, 0, 0, 7, 0, 1, 8, 1, 2, 0, 0, 0, 0, 0, 0, 1, 45, 0, 0, 17, 0, 1, 3, 0, 1, 3, 0, 1, 2, 5, 0, 0, 3, 0, 1, 3, 0, 0, 0, 1, 0, 4, 4, 18, 0, 0, 2, 4, 1, 1, 1, 2, 4, 0, 0, 6, 2, 1, 0, 0, 7, 4, 4, 0, 1, 0, 23, 1, 0, 10, 2, 4, 5, 1, 9, 23, 0, 3, 65, 1, 3, 3, 8, 1, 4, 1, 2, 1, 2, 4, 0, 2, 2, 2, 1, 1, 0, 5, 1, 1, 0, 0, 4, 6, 68, 1, 1, 1, 0, 0, 1, 2, 1, 0, 2, 5, 1, 1, 1, 0, 1, 2, 3, 4, 1, 2, 4, 0, 0, 0, 1, 1, 1, 4, 1, 18, 4, 0, 1, 1, 4, 0, 0, 1, 2, 0, 2, 0, 1, 39, 2, 0, 0, 0, 0, 8, 2, 0, 0, 1, 0, 0, 6, 0, 1, 0, 74, 0, 0, 1, 14, 2, 1, 61, 0, 7, 41, 1, 0, 0, 0, 0, 0, 2, 0, 12, 8, 0, 1, 4, 1, 1, 1, 0, 0, 
motech-whp-reports/, DheerendraNath, 0, 0, 0, 0, 0, 0, 0, 0, 0, 0, 0, 0, 0, 0, 0, 0, 0, 0, 0, 0, 0, 0, 0, 0, 0, 0, 0, 0, 0, 0, 1, 1, 0, 1, 0, 0, 0, 0, 0, 0, 0, 0, 0, 0, 0, 0, 3, 0, 0, 0, 2, 0, 0, 0, 0, 0, 0, 0, 1, 0, 0, 0, 0, 0, 0, 0, 0, 0, 0, 0, 0, 0, 0, 1, 0, 0, 0, 0, 0, 0, 0, 0, 0, 0, 0, 0, 0, 0, 0, 0, 0, 0, 0, 0, 0, 0, 0, 0, 0, 0, 0, 0, 0, 0, 0, 0, 0, 0, 0, 0, 0, 0, 0, 0, 0, 0, 0, 0, 0, 0, 0, 0, 0, 0, 0, 0, 0, 0, 0, 0, 0, 0, 0, 0, 0, 0, 0, 0, 0, 0, 0, 0, 0, 0, 0, 0, 0, 3, 0, 0, 0, 0, 2, 0, 0, 0, 0, 0, 0, 0, 4, 0, 0, 0, 87, 0, 0, 0, 0, 0, 0, 1, 0, 0, 0, 0, 0, 0, 0, 0, 0, 1, 0, 0, 0, 0, 0, 0, 25, 0, 0, 0, 1, 0, 0, 0, 0, 0, 0, 0, 0, 15, 0, 0, 0, 0, 0, 0, 0, 0, 0, 0, 0, 0, 0, 0, 0, 0, 0, 0, 0, 0, 0, 0, 0, 0, 0, 0, 0, 0, 0, 0, 0, 0, 0, 0, 0, 0, 0, 0, 0, 8, 0, 0, 0, 0, 0, 0, 0, 0, 0, 0, 0, 0, 0, 0, 0, 0, 0, 0, 0, 3, 0, 0, 0, 0, 0, 0, 0, 0, 0, 0, 0, 0, 0, 0, 0, 0, 0, 0, 0, 0, 0, 0, 0, 0, 43, 0, 0, 3, 0, 1, 0, 0, 0, 0, 0, 0, 0, 0, 0, 5, 0, 0, 0, 0, 0, 0, 0, 0, 0, 0, 0, 0, 0, 0, 0, 0, 0, 0, 0, 0, 0, 0, 0, 0, 0, 0, 0, 0, 0, 0, 0, 0, 0, 0, 0, 0, 0, 0, 0, 0, 0, 0, 0, 0, 0, 0, 0, 0, 0, 8, 6, 0, 0, 0, 0, 0, 0, 0, 1, 0, 0, 0, 0, 0, 0, 0, 0, 0, 0, 0, 0, 0, 0, 1, 0, 0, 0, 0, 0, 0, 0, 0, 4, 0, 0, 0, 0, 0, 0, 0, 0, 0, 0, 0, 0, 0, 0, 1, 0, 0, 0, 0, 0, 0, 0, 0, 0, 0, 0, 0, 0, 0, 0, 0, 0, 0, 
motech-whp-reports/, shruthi, 0, 0, 0, 0, 0, 0, 0, 0, 0, 0, 0, 0, 0, 0, 0, 0, 0, 0, 0, 0, 0, 0, 0, 0, 0, 0, 0, 0, 0, 0, 0, 0, 0, 0, 0, 0, 0, 0, 0, 0, 0, 0, 0, 0, 0, 0, 0, 0, 0, 0, 0, 0, 0, 0, 0, 0, 0, 0, 0, 0, 0, 0, 0, 0, 0, 0, 0, 0, 0, 0, 0, 0, 0, 0, 0, 0, 0, 0, 0, 0, 0, 0, 0, 0, 0, 0, 0, 0, 0, 0, 0, 0, 0, 0, 0, 0, 0, 0, 0, 0, 0, 0, 0, 0, 0, 0, 0, 0, 0, 0, 0, 0, 0, 0, 0, 0, 0, 0, 0, 0, 0, 0, 0, 0, 0, 0, 0, 0, 0, 0, 0, 0, 0, 0, 0, 0, 0, 0, 0, 0, 0, 0, 0, 0, 0, 0, 0, 0, 0, 0, 0, 0, 0, 0, 0, 0, 0, 0, 0, 0, 0, 0, 0, 0, 2, 0, 0, 0, 0, 0, 0, 0, 0, 0, 0, 0, 0, 0, 0, 0, 0, 0, 0, 0, 0, 0, 0, 0, 0, 0, 0, 0, 0, 0, 0, 0, 0, 0, 0, 0, 0, 0, 0, 0, 0, 0, 0, 0, 0, 0, 0, 0, 0, 0, 0, 0, 0, 0, 0, 0, 0, 0, 0, 0, 0, 0, 0, 0, 0, 0, 0, 0, 0, 0, 0, 0, 0, 0, 0, 0, 0, 0, 0, 0, 0, 0, 0, 0, 0, 0, 0, 0, 0, 0, 0, 0, 0, 0, 0, 0, 0, 0, 0, 0, 0, 0, 0, 0, 0, 0, 0, 0, 0, 0, 0, 0, 0, 0, 0, 0, 0, 0, 0, 0, 0, 0, 0, 0, 0, 0, 0, 0, 0, 0, 0, 0, 0, 0, 0, 0, 0, 0, 0, 0, 0, 0, 0, 0, 0, 0, 0, 0, 0, 0, 0, 0, 0, 0, 0, 0, 0, 0, 0, 0, 0, 0, 0, 0, 0, 0, 0, 0, 0, 0, 0, 0, 0, 0, 0, 0, 0, 0, 0, 0, 0, 0, 0, 0, 0, 0, 0, 0, 0, 0, 0, 0, 0, 0, 0, 0, 0, 0, 0, 0, 0, 0, 0, 0, 0, 0, 0, 0, 0, 0, 0, 0, 0, 0, 0, 0, 0, 0, 0, 0, 0, 0, 0, 0, 0, 0, 0, 0, 0, 0, 0, 0, 0, 0, 0, 0, 0, 0, 0, 0, 0, 0, 0, 0, 0, 0, 0, 0, 0, 0, 0, 0, 0, 0, 
motech-whp-reports/, Shrivastava, 0, 0, 0, 0, 0, 0, 0, 0, 0, 0, 0, 0, 0, 0, 0, 0, 0, 0, 0, 0, 0, 0, 0, 0, 0, 0, 0, 0, 0, 0, 0, 0, 0, 0, 0, 0, 0, 0, 0, 0, 0, 0, 0, 0, 0, 0, 0, 0, 0, 0, 0, 0, 0, 0, 0, 0, 0, 0, 0, 0, 0, 0, 0, 0, 0, 0, 0, 0, 0, 0, 0, 0, 0, 0, 0, 0, 0, 0, 0, 0, 0, 0, 0, 0, 0, 0, 0, 0, 0, 0, 0, 0, 0, 0, 0, 0, 0, 0, 0, 0, 0, 0, 0, 0, 0, 0, 0, 0, 0, 0, 0, 0, 0, 0, 0, 0, 0, 0, 0, 0, 0, 0, 0, 0, 0, 0, 0, 0, 0, 0, 0, 0, 0, 0, 0, 0, 0, 0, 0, 0, 0, 0, 0, 0, 0, 0, 0, 0, 0, 0, 0, 0, 0, 0, 0, 0, 0, 0, 0, 0, 0, 0, 0, 0, 0, 0, 0, 0, 0, 0, 0, 0, 0, 0, 0, 0, 0, 0, 0, 0, 0, 0, 0, 0, 0, 0, 0, 0, 0, 0, 0, 0, 0, 0, 0, 0, 0, 0, 0, 0, 0, 0, 0, 0, 0, 0, 0, 0, 0, 0, 0, 0, 0, 0, 0, 0, 0, 0, 0, 0, 0, 0, 0, 0, 0, 0, 0, 0, 0, 0, 0, 0, 0, 0, 0, 0, 0, 0, 0, 0, 0, 0, 0, 0, 0, 0, 0, 0, 0, 0, 0, 0, 0, 0, 0, 0, 0, 0, 0, 0, 0, 0, 0, 0, 0, 0, 0, 0, 0, 0, 0, 0, 0, 0, 0, 0, 0, 0, 0, 0, 0, 0, 0, 0, 0, 0, 0, 0, 0, 0, 0, 0, 0, 0, 0, 0, 0, 0, 0, 0, 0, 0, 0, 0, 0, 0, 0, 0, 0, 0, 0, 0, 0, 0, 0, 0, 0, 0, 0, 0, 0, 0, 0, 0, 0, 0, 0, 0, 0, 0, 0, 0, 0, 0, 0, 0, 0, 0, 0, 0, 0, 0, 0, 0, 0, 0, 0, 0, 0, 0, 0, 0, 0, 0, 0, 0, 0, 0, 0, 0, 0, 0, 0, 0, 0, 0, 0, 0, 0, 0, 0, 0, 0, 0, 0, 0, 0, 0, 0, 0, 0, 0, 0, 0, 0, 0, 0, 0, 0, 0, 0, 0, 0, 0, 0, 0, 0, 0, 0, 0, 0, 0, 0, 0, 0, 0, 0, 0, 0, 0, 0, 0, 0, 0, 0, 0, 0, 0, 
motech-whp-reports/, nningego, 0, 0, 8, 0, 0, 0, 0, 1, 2, 0, 0, 0, 0, 0, 1, 1, 0, 1, 2, 0, 21, 0, 0, 0, 0, 0, 4, 1, 1, 0, 0, 0, 0, 3, 5, 0, 0, 0, 0, 0, 0, 0, 0, 0, 1, 0, 0, 0, 0, 0, 3, 0, 0, 0, 0, 0, 0, 3, 0, 1, 0, 0, 7, 0, 0, 0, 0, 0, 0, 0, 0, 0, 0, 0, 0, 0, 0, 0, 0, 0, 0, 0, 0, 0, 0, 0, 0, 4, 0, 0, 32, 0, 0, 2, 0, 1, 14, 0, 5, 0, 0, 0, 0, 0, 1, 0, 0, 26, 0, 0, 0, 0, 1, 0, 0, 0, 0, 0, 0, 0, 1, 1, 0, 0, 0, 0, 0, 1, 0, 0, 0, 0, 9, 9, 0, 0, 1, 0, 0, 1, 0, 0, 6, 1, 0, 0, 0, 0, 0, 0, 0, 3, 3, 1, 0, 0, 3, 0, 0, 0, 0, 1, 0, 1, 154, 0, 2, 0, 4, 0, 0, 0, 0, 0, 0, 1, 0, 1, 0, 0, 0, 0, 0, 0, 0, 5, 0, 22, 6, 0, 0, 0, 0, 0, 1, 0, 0, 0, 0, 0, 0, 0, 0, 0, 0, 2, 0, 0, 0, 0, 2, 0, 0, 0, 0, 0, 0, 0, 0, 3, 0, 1, 2, 0, 0, 0, 0, 6, 0, 0, 0, 0, 0, 2, 1, 0, 7, 0, 0, 9, 0, 0, 12, 0, 0, 3, 0, 0, 1, 0, 0, 2, 3, 0, 0, 2, 0, 0, 2, 0, 0, 0, 0, 0, 0, 0, 0, 2, 0, 0, 0, 0, 0, 0, 0, 0, 0, 0, 0, 0, 0, 1, 0, 2, 0, 1, 0, 1, 0, 0, 1, 0, 0, 1, 0, 1, 0, 11, 0, 0, 0, 7, 1, 0, 0, 1, 0, 1, 0, 1, 0, 0, 2, 0, 3, 0, 3, 0, 0, 4, 0, 0, 0, 4, 0, 0, 0, 6, 0, 0, 1, 0, 0, 0, 0, 0, 0, 0, 0, 0, 1, 1, 1, 0, 0, 0, 0, 0, 1, 0, 2, 0, 0, 1, 0, 2, 0, 0, 3, 0, 0, 0, 1, 7, 0, 2, 0, 0, 0, 0, 0, 1, 2, 0, 0, 0, 0, 1, 0, 0, 0, 0, 0, 0, 0, 2, 1, 0, 0, 13, 0, 4, 0, 11, 0, 0, 7, 0, 0, 6, 1, 1, 0, 0, 1, 2, 0, 0, 8, 0, 0, 1, 0, 0, 0, 0, 0, 0, 
motech-whp-reports/, Dheerendra, 0, 0, 0, 0, 0, 0, 0, 0, 0, 0, 0, 0, 0, 0, 1, 0, 0, 0, 0, 0, 0, 0, 0, 0, 0, 0, 0, 0, 0, 0, 0, 0, 0, 0, 0, 0, 0, 0, 0, 0, 0, 0, 0, 0, 0, 0, 0, 0, 0, 0, 0, 0, 0, 0, 0, 0, 0, 0, 0, 0, 0, 0, 0, 0, 0, 0, 0, 0, 0, 0, 0, 0, 0, 0, 0, 0, 0, 0, 0, 0, 0, 0, 0, 0, 0, 0, 0, 0, 0, 0, 0, 0, 0, 0, 0, 0, 0, 0, 0, 0, 0, 0, 0, 0, 0, 0, 4, 0, 0, 0, 0, 0, 0, 0, 0, 0, 0, 0, 0, 0, 0, 0, 0, 3, 0, 0, 0, 0, 0, 0, 0, 0, 0, 0, 0, 0, 0, 0, 0, 0, 0, 0, 0, 0, 0, 0, 0, 0, 0, 0, 0, 0, 0, 0, 0, 0, 0, 0, 0, 0, 0, 0, 0, 0, 21, 0, 0, 0, 0, 0, 0, 0, 0, 0, 0, 0, 0, 0, 0, 0, 0, 0, 0, 4, 0, 0, 0, 0, 4, 0, 0, 0, 0, 0, 0, 0, 0, 0, 0, 0, 0, 0, 0, 0, 0, 0, 0, 0, 0, 0, 0, 0, 0, 0, 0, 0, 0, 0, 0, 2, 0, 0, 0, 0, 0, 0, 0, 0, 0, 0, 0, 0, 0, 0, 0, 0, 0, 0, 0, 0, 0, 0, 0, 0, 0, 0, 0, 0, 0, 0, 0, 0, 0, 0, 0, 0, 0, 1, 0, 0, 0, 0, 0, 0, 0, 0, 0, 0, 0, 0, 0, 0, 0, 0, 0, 0, 0, 0, 0, 0, 0, 0, 0, 0, 0, 0, 0, 0, 0, 1, 0, 0, 0, 0, 0, 0, 0, 0, 0, 0, 0, 0, 0, 0, 0, 0, 0, 0, 0, 0, 0, 0, 0, 0, 0, 0, 0, 0, 0, 0, 0, 0, 0, 0, 0, 0, 0, 0, 0, 0, 0, 0, 0, 0, 0, 0, 0, 0, 0, 0, 0, 0, 0, 0, 0, 0, 0, 0, 0, 0, 0, 0, 0, 0, 0, 0, 0, 0, 0, 0, 0, 0, 0, 0, 0, 0, 0, 0, 0, 0, 0, 0, 1, 0, 0, 1, 0, 0, 0, 0, 0, 0, 0, 0, 0, 1, 0, 0, 0, 0, 0, 0, 0, 0, 0, 0, 0, 0, 0, 0, 0, 0, 0, 8, 0, 0, 0, 0, 0, 0, 0, 0, 0, 0, 0, 0, 0, 0, 
motech-whp-reports/, Vignesh, 0, 0, 0, 0, 0, 0, 0, 0, 0, 0, 16, 0, 0, 6, 0, 0, 0, 0, 0, 0, 0, 0, 0, 0, 0, 0, 0, 0, 0, 0, 0, 0, 0, 0, 0, 0, 8, 0, 0, 0, 0, 0, 0, 0, 0, 0, 0, 2, 0, 0, 0, 0, 0, 0, 1, 0, 0, 0, 0, 0, 0, 0, 0, 0, 0, 0, 0, 0, 0, 0, 0, 0, 0, 0, 0, 0, 0, 0, 0, 0, 0, 0, 0, 0, 0, 0, 0, 0, 0, 0, 0, 0, 0, 0, 0, 0, 0, 0, 0, 0, 0, 0, 0, 0, 4, 0, 0, 0, 0, 0, 0, 0, 0, 0, 0, 0, 0, 0, 0, 0, 0, 0, 0, 0, 0, 0, 0, 0, 0, 0, 0, 0, 0, 0, 0, 0, 0, 0, 0, 0, 0, 0, 0, 0, 0, 0, 0, 0, 0, 0, 0, 0, 0, 0, 0, 0, 0, 0, 0, 0, 0, 0, 0, 0, 20, 0, 0, 0, 0, 0, 0, 0, 0, 0, 0, 0, 0, 0, 0, 0, 0, 0, 0, 0, 0, 0, 0, 0, 8, 0, 0, 0, 0, 0, 0, 0, 0, 0, 0, 0, 0, 0, 0, 0, 0, 0, 0, 0, 0, 0, 0, 0, 0, 0, 0, 0, 0, 0, 0, 0, 0, 0, 0, 0, 0, 0, 0, 0, 0, 0, 0, 0, 0, 0, 0, 0, 0, 0, 0, 0, 0, 0, 0, 0, 0, 0, 0, 0, 0, 0, 0, 0, 0, 0, 0, 0, 0, 0, 0, 0, 7, 0, 0, 0, 0, 0, 0, 0, 0, 0, 0, 0, 0, 0, 0, 0, 0, 0, 0, 0, 0, 0, 0, 0, 0, 0, 0, 0, 0, 0, 0, 0, 0, 0, 0, 0, 0, 0, 0, 0, 0, 0, 0, 0, 0, 0, 0, 0, 0, 0, 0, 0, 0, 0, 0, 0, 0, 0, 0, 0, 1, 0, 0, 0, 0, 7, 0, 0, 0, 0, 0, 0, 0, 0, 0, 0, 0, 0, 0, 0, 0, 0, 0, 0, 0, 0, 0, 0, 0, 0, 0, 0, 0, 0, 0, 0, 0, 0, 0, 0, 0, 0, 0, 0, 0, 0, 0, 0, 0, 0, 0, 0, 0, 0, 0, 0, 0, 0, 0, 0, 0, 0, 0, 0, 0, 0, 0, 0, 0, 0, 0, 0, 0, 0, 0, 0, 0, 0, 0, 24, 0, 0, 0, 0, 0, 0, 0, 0, 0, 0, 0, 0, 0, 0, 0, 0, 0, 0, 
motech-whp-reports/, Abhishek, 0, 0, 4, 3, 1, 2, 0, 0, 0, 0, 0, 0, 0, 0, 1, 0, 1, 0, 0, 0, 11, 0, 0, 0, 0, 0, 0, 0, 0, 0, 0, 0, 0, 0, 0, 0, 0, 0, 0, 0, 1, 2, 0, 0, 4, 0, 0, 0, 1, 0, 0, 0, 0, 2, 0, 0, 1, 1, 0, 0, 0, 0, 0, 0, 0, 0, 0, 0, 0, 1, 0, 0, 3, 0, 0, 0, 0, 0, 0, 0, 0, 0, 0, 1, 0, 0, 0, 4, 0, 0, 0, 0, 0, 0, 0, 0, 5, 0, 0, 0, 0, 0, 0, 4, 1, 1, 0, 25, 0, 0, 0, 0, 0, 0, 0, 0, 0, 0, 0, 0, 0, 0, 9, 0, 0, 0, 0, 0, 0, 0, 0, 0, 6, 7, 0, 0, 1, 0, 0, 0, 4, 0, 0, 0, 0, 0, 1, 0, 0, 0, 0, 22, 0, 0, 0, 0, 2, 0, 0, 1, 0, 0, 0, 1, 120, 0, 0, 0, 0, 1, 0, 0, 0, 0, 1, 4, 0, 0, 0, 0, 0, 0, 0, 0, 0, 2, 0, 36, 6, 0, 0, 0, 0, 0, 0, 2, 0, 0, 0, 15, 0, 0, 0, 0, 0, 0, 0, 0, 0, 0, 0, 1, 0, 0, 0, 0, 4, 0, 0, 32, 3, 1, 0, 0, 0, 0, 0, 7, 0, 0, 0, 2, 0, 0, 0, 0, 0, 0, 0, 0, 0, 0, 0, 0, 1, 0, 0, 0, 1, 0, 1, 0, 4, 1, 0, 0, 0, 0, 2, 0, 0, 0, 0, 0, 0, 0, 0, 0, 0, 0, 0, 0, 0, 0, 0, 2, 4, 0, 0, 1, 0, 1, 0, 0, 0, 1, 6, 0, 0, 6, 0, 0, 1, 2, 0, 4, 0, 27, 0, 0, 0, 0, 0, 0, 0, 3, 0, 0, 0, 0, 0, 0, 0, 14, 0, 1, 0, 0, 0, 0, 0, 0, 1, 0, 0, 0, 0, 0, 0, 2, 0, 0, 0, 0, 0, 0, 2, 0, 0, 0, 0, 1, 6, 1, 0, 0, 0, 0, 0, 0, 0, 0, 0, 0, 0, 0, 1, 0, 0, 0, 0, 0, 0, 0, 0, 0, 1, 0, 0, 1, 0, 0, 2, 0, 0, 1, 2, 0, 0, 0, 0, 0, 0, 0, 0, 23, 0, 0, 0, 4, 1, 0, 0, 6, 0, 0, 0, 0, 0, 6, 0, 2, 3, 0, 0, 0, 2, 0, 4, 0, 0, 0, 0, 0, 0, 0, 0, 0, 
motech-whp-reports/, shreyasnavada91, 0, 0, 0, 0, 0, 0, 0, 0, 0, 0, 0, 0, 0, 0, 0, 0, 0, 0, 0, 0, 2, 0, 0, 0, 0, 0, 0, 0, 0, 0, 0, 0, 0, 0, 0, 0, 0, 0, 0, 0, 0, 0, 0, 0, 0, 0, 0, 0, 0, 0, 0, 0, 0, 0, 0, 0, 0, 0, 0, 0, 0, 0, 0, 3, 0, 0, 0, 0, 0, 0, 0, 0, 0, 0, 0, 0, 0, 0, 0, 0, 2, 0, 0, 0, 0, 0, 0, 0, 0, 0, 2, 0, 0, 0, 0, 0, 0, 0, 0, 0, 0, 0, 0, 0, 0, 0, 0, 1, 0, 0, 0, 0, 0, 0, 0, 0, 0, 0, 0, 0, 0, 0, 0, 0, 0, 0, 0, 0, 0, 0, 0, 0, 0, 2, 0, 0, 0, 0, 0, 0, 0, 2, 0, 0, 0, 0, 0, 0, 0, 0, 0, 0, 0, 0, 0, 0, 1, 0, 0, 0, 0, 0, 0, 0, 27, 0, 0, 0, 0, 0, 0, 0, 0, 0, 0, 0, 0, 0, 0, 0, 0, 0, 0, 0, 0, 2, 0, 1, 0, 0, 0, 0, 0, 0, 0, 0, 0, 0, 0, 0, 0, 0, 0, 0, 0, 0, 0, 0, 0, 0, 0, 0, 2, 0, 0, 0, 0, 0, 0, 6, 0, 0, 0, 0, 0, 0, 0, 0, 0, 0, 0, 0, 0, 0, 0, 0, 0, 0, 0, 0, 0, 0, 0, 0, 0, 0, 0, 0, 0, 0, 0, 0, 0, 0, 0, 0, 0, 0, 0, 0, 0, 0, 0, 0, 0, 0, 0, 0, 0, 0, 0, 0, 0, 0, 0, 0, 0, 0, 0, 0, 0, 0, 0, 0, 0, 0, 0, 0, 0, 1, 0, 0, 0, 0, 0, 0, 0, 0, 0, 0, 0, 0, 0, 0, 0, 0, 0, 0, 0, 0, 0, 0, 0, 0, 0, 0, 0, 0, 0, 0, 0, 0, 0, 0, 0, 0, 2, 0, 0, 0, 0, 0, 0, 0, 0, 0, 0, 0, 0, 0, 0, 0, 0, 0, 0, 0, 0, 0, 0, 0, 0, 0, 0, 0, 0, 0, 0, 0, 0, 0, 0, 0, 0, 0, 0, 0, 0, 0, 0, 0, 0, 0, 1, 0, 0, 0, 0, 0, 0, 0, 0, 0, 0, 0, 0, 0, 0, 0, 0, 0, 0, 0, 0, 1, 0, 0, 0, 0, 0, 0, 0, 0, 0, 0, 0, 0, 0, 0, 0, 0, 0, 0, 0, 0, 0, 0, 0, 0, 
motech-whp-reports/, MohitGarg2905, 0, 0, 0, 0, 0, 0, 0, 0, 0, 0, 0, 0, 0, 0, 0, 0, 0, 0, 0, 0, 3, 0, 0, 0, 0, 0, 0, 0, 0, 0, 0, 0, 0, 0, 0, 0, 0, 0, 0, 0, 0, 0, 0, 0, 0, 0, 0, 0, 0, 0, 0, 0, 0, 0, 0, 0, 0, 0, 0, 0, 0, 0, 0, 3, 0, 0, 0, 0, 0, 0, 2, 0, 2, 0, 0, 0, 0, 0, 0, 0, 0, 0, 0, 0, 0, 2, 0, 0, 0, 0, 3, 0, 0, 0, 0, 0, 1, 0, 0, 0, 0, 0, 0, 0, 0, 0, 0, 8, 0, 0, 0, 0, 0, 0, 0, 0, 0, 0, 0, 0, 0, 0, 0, 0, 0, 0, 0, 0, 0, 0, 0, 0, 0, 3, 0, 0, 0, 0, 0, 0, 0, 0, 0, 0, 0, 0, 0, 0, 0, 0, 0, 0, 0, 0, 0, 0, 2, 1, 0, 0, 0, 0, 0, 0, 34, 0, 0, 0, 0, 0, 0, 0, 0, 0, 1, 0, 0, 0, 0, 0, 0, 0, 0, 0, 0, 0, 0, 2, 0, 0, 0, 0, 0, 0, 0, 0, 0, 0, 0, 0, 0, 0, 0, 0, 0, 0, 0, 0, 0, 0, 0, 0, 0, 0, 0, 0, 0, 0, 0, 0, 1, 0, 0, 0, 0, 0, 0, 0, 0, 0, 0, 0, 0, 0, 0, 0, 0, 0, 0, 0, 0, 0, 0, 0, 0, 0, 0, 0, 1, 0, 0, 0, 0, 0, 0, 0, 0, 0, 0, 0, 0, 0, 0, 0, 0, 0, 16, 0, 0, 0, 0, 0, 0, 0, 0, 0, 0, 0, 0, 0, 0, 0, 0, 0, 0, 0, 0, 0, 0, 0, 0, 0, 0, 0, 0, 0, 0, 0, 0, 0, 0, 0, 0, 0, 0, 0, 0, 0, 0, 0, 0, 0, 0, 0, 0, 0, 0, 0, 0, 0, 0, 0, 0, 0, 0, 0, 4, 0, 0, 0, 0, 0, 0, 0, 0, 0, 0, 0, 0, 0, 0, 0, 0, 0, 0, 0, 0, 0, 0, 4, 0, 0, 0, 0, 0, 0, 0, 1, 0, 0, 0, 0, 0, 0, 0, 0, 0, 0, 0, 0, 0, 0, 0, 0, 0, 0, 0, 0, 0, 2, 0, 0, 0, 0, 0, 0, 0, 0, 0, 0, 0, 0, 1, 2, 0, 0, 0, 0, 0, 0, 0, 0, 0, 0, 0, 0, 0, 0, 2, 0, 0, 0, 0, 0, 0, 0, 0, 0, 
motech-whp-reports/, Balaji, 0, 0, 0, 0, 0, 0, 0, 0, 0, 0, 0, 3, 0, 0, 1, 0, 1, 0, 0, 0, 0, 0, 0, 8, 0, 0, 0, 0, 0, 0, 0, 0, 0, 0, 0, 0, 0, 1, 0, 0, 0, 0, 0, 0, 0, 0, 0, 0, 0, 0, 0, 0, 0, 0, 5, 0, 0, 0, 0, 0, 0, 0, 0, 0, 0, 2, 0, 0, 0, 0, 0, 1, 0, 0, 0, 0, 4, 0, 6, 0, 0, 0, 0, 0, 0, 0, 0, 0, 21, 0, 0, 0, 0, 0, 0, 0, 0, 0, 0, 0, 0, 0, 0, 0, 2, 0, 0, 25, 1, 1, 4, 0, 0, 0, 25, 0, 0, 0, 0, 1, 0, 0, 0, 0, 0, 0, 0, 0, 1, 0, 0, 0, 0, 0, 0, 0, 0, 0, 0, 0, 4, 0, 0, 0, 0, 0, 0, 0, 0, 0, 0, 0, 0, 0, 0, 0, 0, 0, 0, 0, 0, 0, 1, 0, 55, 0, 0, 0, 0, 0, 0, 0, 0, 0, 0, 0, 0, 0, 0, 0, 0, 0, 0, 0, 2, 27, 0, 0, 5, 0, 0, 0, 0, 8, 0, 0, 1, 3, 0, 0, 0, 0, 0, 0, 0, 0, 0, 0, 0, 0, 0, 2, 0, 0, 3, 0, 0, 0, 0, 0, 0, 0, 0, 0, 0, 0, 0, 0, 0, 0, 1, 0, 0, 0, 0, 7, 0, 5, 0, 0, 0, 0, 0, 0, 0, 0, 0, 0, 0, 0, 0, 0, 0, 0, 0, 0, 0, 0, 0, 3, 0, 0, 0, 0, 0, 0, 0, 0, 9, 0, 0, 0, 0, 0, 0, 0, 0, 0, 0, 4, 0, 0, 0, 0, 0, 0, 0, 0, 1, 4, 0, 0, 0, 0, 0, 0, 0, 0, 0, 0, 0, 0, 0, 0, 0, 0, 0, 0, 0, 0, 0, 0, 0, 0, 0, 2, 0, 0, 0, 0, 0, 0, 2, 0, 0, 0, 0, 0, 0, 0, 0, 0, 0, 0, 0, 0, 0, 0, 0, 0, 0, 0, 0, 0, 0, 0, 0, 0, 0, 0, 0, 0, 0, 0, 0, 0, 0, 0, 0, 0, 0, 0, 0, 0, 0, 0, 0, 0, 2, 0, 0, 0, 6, 0, 0, 5, 0, 0, 0, 0, 0, 0, 0, 0, 0, 2, 0, 0, 2, 5, 0, 0, 0, 0, 0, 1, 0, 0, 0, 8, 0, 0, 0, 0, 0, 0, 0, 20, 1, 0, 0, 0, 0, 0, 0, 1, 3, 3, 
