Project, Author, de.luhmer.owncloudnewsreader.LazyList, de.luhmer.owncloudnewsreader.events.podcast.WindPodcast, android.support.v7.widget.helper.ItemTouchHelper, android.support.customtabs.CustomTabsServiceConnection, de.luhmer.owncloudnewsreader.chrometabs.CustomTabUiBuilder, de.luhmer.owncloudnewsreader.helper.AsyncTask, de.luhmer.owncloudnewsreader.async_tasks.DownloadChangelogTask$Listener, android.app.DownloadManager.Query, android.widget.ViewSwitcher, javax.net.ssl.X509TrustManager, de.luhmer.owncloudnewsreader.reader.OnAsyncTaskCompletedListener, de.luhmer.owncloudnewsreader.ListView.SubscriptionExpandableListAdapter$GroupHolder, de.luhmer.owncloudnewsreader.reader.owncloud.IHandleJsonObject, NewsReaderDetailFragment, de.luhmer.owncloudnewsreader.reader.IReader, android.widget.ArrayAdapter, android.app.Activity, NewsReaderListDialogFragment, de.luhmer.owncloudnewsreader.authentication.OwnCloudSyncAdapter, de.luhmer.owncloudnewsreader.util.IabHelper$OnIabSetupFinishedListener, javax.net.ssl.SSLSocket, com.squareup.okhttp.HttpUrl, android.support.customtabs.CustomTabsSession, com.squareup.okhttp.mockwebserver.MockWebServer, android.util.TypedValue, de.luhmer.owncloudnewsreader.model.Tuple, NotificationCompat.Builder, de.luhmer.owncloudnewsreader.reader.owncloud.SparseArray, com.devspark.robototextview.widget.RobotoCheckBox, android.view.ScaleGestureDetector, org.apache.http.conn.ssl.X509HostnameVerifier, org.jsoup.select.Elements, java.util.LinkedHashMap, de.luhmer.owncloudnewsreader.database.DatabaseHelper, de.luhmer.owncloudnewsreader.events.podcast.AudioPodcastClicked, java.lang.reflect.Array, Constants, com.google.gson.JsonArray, de.luhmer.owncloudnewsreader.database.model.Folder, View.OnClickListener, de.luhmer.owncloudnewsreader.services.PodcastPlaybackService, android.text.style.URLSpan, android.view.ViewTreeObserver, uk.co.deanwild.materialshowcaseview.MaterialShowcaseSequence, java.security.cert.CertificateException, de.luhmer.owncloudnewsreader.ListView.BlockingExpandableListView, android.graphics.Canvas, android.preference.EditTextPreference, android.support.v4.media.session.MediaSessionCompat, LoginDialogFragment, de.greenrobot.dao.query.Query, de.luhmer.owncloudnewsreader.cursor.NewsListCursorAdapter, de.luhmer.owncloudnewsreader.ListView.SubscriptionExpandableListAdapter$ChildHolder, android.support.design.widget.AppBarLayout, android.media.AudioManager, de.luhmer.owncloudnewsreader.updater.AppUpdater$CheckVersion, de.luhmer.owncloudnewsreader.NewsReaderListActivity$UserInfo, com.squareup.okhttp.MediaType, de.luhmer.owncloudnewsreader.events.podcast.UpdatePodcastStatusEvent, de.luhmer.owncloudnewsreader.util.IabResult, android.content.SharedPreferences, de.luhmer.owncloudnewsreader.ssl.MTMDecision, java.lang.Class, FolderDao, de.greenrobot.dao.query.LazyList, de.luhmer.owncloudnewsreader.model.MediaItem, de.luhmer.owncloudnewsreader.ListView.PodcastArrayAdapter$ViewHolder, de.luhmer.owncloudnewsreader.model.RssFile, de.luhmer.owncloudnewsreader.events.podcast.RegisterVideoOutput, android.content.pm.PackageInfo, de.luhmer.owncloudnewsreader.helper.SparseArray, android.support.design.widget.Snackbar, SurfaceHolder.Callback, org.apache.http.conn.scheme.SchemeRegistry, com.nostra13.universalimageloader.core.assist.FailReason, de.luhmer.owncloudnewsreader.reader.Chain, java.io.File, java.io.ByteArrayOutputStream, android.util.SparseIntArray, android.support.v7.graphics.Palette, de.luhmer.owncloudnewsreader.reader.FeedItemTags.TAGS, de.luhmer.owncloudnewsreader.events.podcast.OpenPodcastEvent, java.util.Map, boolean, byte, java.io.InputStreamReader, android.os.AsyncTask, de.luhmer.owncloudnewsreader.events.UpdatePodcastStatusEvent, android.text.TextPaint, de.luhmer.owncloudnewsreader.ListView.SubscriptionExpandableListAdapter$SPECIAL_FOLDERS, android.view.KeyEvent, android.graphics.Rect, android.support.v4.app.FragmentManager, android.widget.ListView, de.luhmer.owncloudnewsreader.ssl.TLSSocketFactory, de.luhmer.owncloudnewsreader.util.IabHelper$OnConsumeFinishedListener, de.luhmer.owncloudnewsreader.util.IabHelper, java.util.concurrent.Callable, URLTests$TestAPI, java.lang.StringBuilder, de.luhmer.owncloudnewsreader.adapter.RecyclerItemClickListener, android.preference.PreferenceFragment, de.luhmer.owncloudnewsreader.data.RssFile, de.luhmer.owncloudnewsreader.Constants.SYNC_TYPES, android.support.v4.app.DialogFragment, java.util.Formatter, android.util.AttributeSet, de.luhmer.owncloudnewsreader.database.model.FolderDao, java.util.HashSet, SchemaVersion, de.luhmer.owncloudnewsreader.helper.ImageHandler.GetImageFromWebAsyncTask, java.io.FileInputStream, java.io.StringWriter, java.util.regex.Pattern, android.media.Ringtone, de.luhmer.owncloudnewsreader.PodcastFragment$OnFragmentInteractionListener, org.apache.http.NameValuePair, android.support.v4.widget.DrawerLayout, SherlockFragmentActivity, de.luhmer.owncloudnewsreader.reader.owncloud.API, android.widget.SeekBar, java.net.URLConnection, de.luhmer.owncloudnewsreader.util.Purchase, java.io.ObjectOutputStream, uk.co.deanwild.materialshowcaseview.ShowcaseConfig, android.view.SurfaceHolder, java.math.BigInteger, org.apache.http.client.HttpClient, OnAsyncTaskCompletedListener, android.content.ContentValues, org.apache.http.impl.client.DefaultHttpClient, android.widget.FrameLayout, android.text.SpannableString, android.view.animation.Animation, org.apache.http.client.ResponseHandler, de.luhmer.owncloudnewsreader.database.model.RssItem, de.luhmer.owncloudnewsreader.LoginDialogFragment$UserLoginTask, android.view.MenuInflater, java.security.PublicKey, android.view.LayoutInflater, short, android.text.style.ForegroundColorSpan, android.util.SparseArray, android.view.SurfaceView, android.support.v4.app.FragmentActivity, de.luhmer.owncloudnewsreader.database.DatabaseConnection, android.preference.TwoStatePreference, android.widget.RemoteViews, android.app.PendingIntent, de.luhmer.owncloudnewsreader.events.PodcastFeedClicked, android.support.v7.widget.Toolbar, android.animation.ValueAnimator, de.luhmer.owncloudnewsreader.database.model.DaoSession, de.luhmer.owncloudnewsreader.database.model.FeedDao, com.actionbarsherlock.view.MenuItem, de.luhmer.owncloudnewsreader.data.FolderSubscribtionItem, SkuDetails, java.util.List, de.luhmer.owncloudnewsreader.events.TogglePlayerStateEvent, android.widget.AutoCompleteTextView, GetVersion_v1, GetVersion_v2, org.apache.commons.lang3.time.StopWatch, java.util.concurrent.Future, com.pascalwelsch.holocircularprogressbar.HoloCircularProgressBar, android.content.Context, android.view.MenuItem, Purchase, de.greenrobot.daogenerator.Schema, android.preference.ListPreference, com.squareup.okhttp.ResponseBody, java.nio.channels.FileChannel, de.luhmer.owncloudnewsreader.helper.BitmapDrawableLruCache, de.luhmer.owncloudnewsreader.NewsReaderListDialogFragment, android.accounts.AccountAuthenticatorResponse, javax.net.ssl.SSLSession, org.apache.http.client.methods.HttpPut, com.nostra13.universalimageloader.core.ImageLoaderConfiguration, java.lang.Exception, de.luhmer.owncloudnewsreader.SyncIntervalSelectorActivity$PlaceholderFragment, API, de.luhmer.owncloudnewsreader.PullToRefreshBase, de.luhmer.owncloudnewsreader.events.OpenAudioPodcastEvent, org.apache.http.params.HttpParams, android.graphics.Bitmap, com.android.vending.billing.IInAppBillingService, android.appwidget.AppWidgetManager, android.preference.Preference, android.widget.ImageView, de.greenrobot.daogenerator.Entity, com.squareup.okhttp.OkHttpClient, android.text.Spannable, java.util.ArrayList, android.support.v7.widget.RecyclerView.OnScrollListener, IabResult, de.luhmer.owncloudnewsreader.helper.SSLHttpClient$MySSLSocketFactory, android.database.sqlite.SQLiteStatement, AbsListView.OnScrollListener, android.support.v4.view.ViewPager, android.support.customtabs.CustomTabsIntent, de.luhmer.owncloudnewsreader.PodcastFragment, de.greenrobot.dao.internal.DaoConfig, de.luhmer.owncloudnewsreader.NewFeedActivity$UserLoginTask, java.io.ObjectInputStream, de.luhmer.owncloudnewsreader.chrometabs.CustomTabActivityManager, de.luhmer.owncloudnewsreader.NewsReaderListDialogFragment$RenameFeedTask, org.jsoup.nodes.Element, android.support.v4.view.GestureDetectorCompat, java.util.concurrent.ExecutorService, android.net.http.AndroidHttpClient, java.lang.Runnable, RssItemDao, org.apache.http.client.CookieStore, java.text.DecimalFormat, de.luhmer.owncloudnewsreader.database.model.Feed, javax.net.ssl.TrustManager, android.content.res.TypedArray, de.luhmer.owncloudnewsreader.LoginDialogFragment, com.google.gson.JsonObject, de.luhmer.owncloudnewsreader.database.DatabaseConnection.SORT_DIRECTION, de.luhmer.owncloudnewsreader.ListView.Subscription_CLI$ViewHolder, android.support.customtabs.CustomTabsClient, de.luhmer.owncloudnewsreader.services.IOwnCloudSyncService, GetVersion, android.support.v4.app.FragmentTransaction, android.util.DisplayMetrics, javax.net.ssl.HttpsURLConnection, java.security.Signature, android.app.NotificationManager, de.luhmer.owncloudnewsreader.helper.PostDelayHandler, java.lang.String, FeedDao, com.squareup.okhttp.Request, java.lang.Boolean, Animator.AnimatorListener, de.luhmer.owncloudnewsreader.NewsReaderListActivity$StartDetailFragmentHolder, android.support.v4.widget.SlidingPaneLayout, AdapterView.OnItemLongClickListener, org.apache.http.client.HttpResponseException, de.luhmer.owncloudnewsreader.helper.MenuUtilsSherlockFragmentActivity, org.apache.http.HttpEntity, android.view.GestureDetector, android.support.v4.app.NotificationCompat, de.luhmer.owncloudnewsreader.authentication.OwnCloudAccountAuthenticator, android.support.v4.app.ActionBarDrawerToggle, android.view.ViewGroup, java.security.cert.X509Certificate, android.widget.Spinner, android.view.View, de.luhmer.owncloudnewsreader.async_tasks.GetImageThreaded, android.app.ActivityManager.RunningServiceInfo, org.apache.http.protocol.HttpContext, com.actionbarsherlock.view.MenuInflater, double, NewsDetailActivity, android.widget.ProgressBar, android.support.v4.widget.ViewDragHelper, de.luhmer.owncloudnewsreader.async_tasks.GetImageAsyncTask, android.widget.RelativeLayout, de.luhmer.owncloudnewsreader.events.podcast.PodcastCompletedEvent, android.accounts.AccountManager, de.luhmer.owncloudnewsreader.helper.AccountManagerFuture, de.luhmer.owncloudnewsreader.util.IabHelper$OnConsumeMultiFinishedListener, de.luhmer.owncloudnewsreader.events.podcast.VideoDoubleClicked, java.lang.Integer, de.luhmer.owncloudnewsreader.interfaces.IAccountImport, java.util.Date, javax.net.ssl.SSLContext, de.greenrobot.dao.identityscope.IdentityScopeType, java.util.Map$Entry, Folder, android.animation.Animator, java.lang.reflect.Field, android.widget.ImageButton, de.luhmer.owncloudnewsreader.events.podcast.PodcastFeedClicked, de.luhmer.owncloudnewsreader.NewsReaderListDialogFragment$MenuAction, android.os.Binder, de.luhmer.owncloudnewsreader.ListView.AccountImporterAdapter$ViewHolder, com.google.gson.stream.JsonToken, android.content.SyncResult, android.support.v4.widget.SwipeRefreshLayout, java.util.Set, de.luhmer.owncloudnewsreader.interfaces.IPlayPausePodcastClicked, android.support.v4.media.session.MediaControllerCompat, java.util.Random, de.luhmer.owncloudnewsreader.events.podcast.OpenAudioPodcastEvent, com.handmark.pulltorefresh.library.BlockingExpandableListView, android.media.MediaPlayer, org.xmlpull.v1.XmlSerializer, de.greenrobot.dao.Property, android.support.v7.widget.LinearLayoutManager, android.support.v4.app.Fragment, de.luhmer.owncloudnewsreader.helper.FavIconHandler.FavIconCache, RecyclerView.OnScrollListener, android.content.ContentProviderClient, de.luhmer.owncloudnewsreader.helper.ImageDownloadFinished, java.net.HttpURLConnection, android.widget.TextView, java.io.Reader, de.luhmer.owncloudnewsreader.helper.FontHelper, de.luhmer.owncloudnewsreader.reader.owncloud.OwnCloud_Reader, android.database.sqlite.SQLiteDatabase, de.luhmer.owncloudnewsreader.AdapterView, android.content.Intent, de.luhmer.owncloudnewsreader.cursor.IOnStayUnread, android.support.v7.widget.RecyclerView, de.luhmer.owncloudnewsreader.helper.OpmlXmlParser$Entry, java.lang.CharSequence, android.graphics.Typeface, java.security.KeyStore, org.apache.http.util.ByteArrayBuffer, java.io.BufferedWriter, android.support.test.espresso.UiController, android.os.ResultReceiver, de.luhmer.owncloudnewsreader.NewsReaderListFragment$Callbacks, android.support.v7.app.AlertDialog, ListPreference, org.apache.http.client.methods.HttpPost, de.luhmer.owncloudnewsreader.data.ConcreteFeedItem, android.view.animation.Interpolator, java.io.Writer, java.io.OutputStreamWriter, Inventory, org.apache.http.HttpResponse, de.luhmer.owncloudnewsreader.database.model.Query, java.text.SimpleDateFormat, android.support.v4.widget.SlidingPaneLayout.PanelSlideListener, android.text.StaticLayout, de.luhmer.owncloudnewsreader.ListView.NewsReader_Row, RssItem, de.luhmer.owncloudnewsreader.data.ConcreteSubscribtionItem, de.luhmer.owncloudnewsreader.NewsDetailFragment, de.luhmer.owncloudnewsreader.adapter.NewsListRecyclerAdapter, InsertFolderIntoDatabase, de.greenrobot.event.EventBus, com.handmark.pulltorefresh.library.PullToRefreshExpandableListView, com.nostra13.universalimageloader.core.DisplayImageOptions, android.content.DialogInterface, SlidingUpPanelLayout.PanelSlideListener, de.luhmer.owncloudnewsreader.ListView.PodcastFeedArrayAdapter, java.io.InputStream, de.luhmer.owncloudnewsreader.database.model.CurrentRssItemView, android.widget.EditText, de.luhmer.owncloudnewsreader.NewsReaderListActivity, java.security.MessageDigest, org.jsoup.nodes.Document, de.luhmer.owncloudnewsreader.LoaderCallbacks, android.app.Notification, android.preference.PreferenceCategory, de.luhmer.owncloudnewsreader.helper.AidlException, android.view.Menu, android.accounts.Account, PodcastDownloadService.DownloadProgressUpdate, android.app.ProgressDialog, java.util.Collection, de.luhmer.owncloudnewsreader.events.podcast.FeedPanelSlideEvent, android.graphics.drawable.Drawable, java.io.BufferedInputStream, de.luhmer.owncloudnewsreader.LoginDialogFragment$LoginSuccessfullListener, java.util.concurrent.TimeUnit, de.luhmer.owncloudnewsreader.async_tasks.IGetTextForTextViewAsyncTask, javax.net.ssl.HostnameVerifier, android.net.Uri, NewsReaderListFragment, ImportAccountsDialogFragment, de.luhmer.owncloudnewsreader.helper.ImageHandler.GetImageAsyncTask, com.google.gson.stream.JsonReader, org.robolectric.annotation.Config, de.luhmer.owncloudnewsreader.adapter.SparseArray, de.luhmer.owncloudnewsreader.reader.SparseArray, CurrentRssItemView, android.database.Cursor, de.luhmer.owncloudnewsreader.view.PodcastSlidingUpPanelLayout, de.luhmer.owncloudnewsreader.NewFeedActivity$AddNewFeedTask, android.preference.PreferenceActivity, java.io.OutputStream, java.util.Iterator, de.luhmer.owncloudnewsreader.database.model.CurrentRssItemViewDao, android.support.v4.view.ViewPager.OnPageChangeListener, Feed, com.squareup.okhttp.Response, android.os.Parcelable, android.os.Bundle, MTMDecision, de.luhmer.owncloudnewsreader.NewsDetailImageDialogFragment, android.net.ConnectivityManager, NewsListCursorAdapterHolder, java.lang.Long, android.content.IntentFilter, de.luhmer.owncloudnewsreader.cursor.NewsListCursorAdapter$ExtendedLayout, de.luhmer.owncloudnewsreader.model.FolderSubscribtionItem, it.gmariotti.changelibs.library.view.ChangeLogListView, de.luhmer.owncloudnewsreader.events.AudioPodcastClicked, android.net.NetworkInfo, android.view.animation.Transformation, de.luhmer.owncloudnewsreader.SparseArray, android.text.Editable, NewsDetailFragment, android.support.v7.app.ActionBarDrawerToggle, de.greenrobot.dao.query.WhereCondition, android, de.luhmer.owncloudnewsreader.helper.NotificationManagerNewsReader, NewsReaderListActivity, android.support.test.espresso.NoMatchingViewException, FeedItemTags.TAGS, de.luhmer.owncloudnewsreader.NewsReaderListFragment$UserInfo, Preference.OnPreferenceChangeListener, de.luhmer.owncloudnewsreader.adapter.NewsListArrayAdapter$ExtendedLayout, android.app.AlertDialog, de.luhmer.owncloudnewsreader.helper.FavIconHandler$FavIconCache, android.content.pm.ResolveInfo, de.luhmer.owncloudnewsreader.NewsReaderListDialogFragment$RemoveFeedTask, de.luhmer.owncloudnewsreader.util.Inventory, de.luhmer.owncloudnewsreader.services.RemoteCallbackList, BaseMessage.OnMessageClickListener, android.widget.AbsListView, de.luhmer.owncloudnewsreader.database.model.RssItemDao, android.widget.ExpandableListView, android.app.DownloadManager.Request, de.luhmer.owncloudnewsreader.services.IOwnCloudSyncService.Stub, javax.net.ssl.TrustManagerFactory, org.jsoup.nodes.Node, de.luhmer.owncloudnewsreader.services.IOwnCloudSyncServiceCallback, InsertFeedIntoDatabase, de.luhmer.owncloudnewsreader.ListView.Subscription_Row, com.nostra13.universalimageloader.core.display.RoundedBitmapDisplayer, de.luhmer.owncloudnewsreader.NewsDetailActivity, android.content.SharedPreferences.Editor, java.lang.Throwable, android.app.DownloadManager, de.luhmer.owncloudnewsreader.database.DatabaseConnectionOrm, de.luhmer.owncloudnewsreader.Loader, de.luhmer.owncloudnewsreader.interfaces.ExpListTextClicked, de.luhmer.owncloudnewsreader.model.ConcreteFeedItem, java.io.BufferedReader, de.luhmer.owncloudnewsreader.util.IabHelper$OnIabPurchaseFinishedListener, T, org.json.JSONArray, android.webkit.WebView, android.widget.LinearLayout, de.luhmer.owncloudnewsreader.ListView.BlockingListView, java.util.concurrent.CountDownLatch, android.content.ServiceConnection, android.app.Application, de.luhmer.owncloudnewsreader.database.model.DaoMaster, android.os.Handler, de.luhmer.owncloudnewsreader.adapter.LazyList, java.io.Serializable, de.luhmer.owncloudnewsreader.helper.FavIconHandler, KeyValuePair, de.luhmer.owncloudnewsreader.ListView.AdapterView, javax.net.ssl.SSLSocketFactory, de.luhmer.owncloudnewsreader.util.SkuDetails, android.database.sqlite.SQLiteDatabase.CursorFactory, de.luhmer.owncloudnewsreader.database.DatabaseConnectionOrm.SORT_DIRECTION, com.devspark.robototextview.SparseArray, de.luhmer.owncloudnewsreader.Preference, de.luhmer.owncloudnewsreader.util.IabHelper$QueryInventoryFinishedListener, de.luhmer.owncloudnewsreader.helper.BitmapDownloaderTask, java.util.HashMap, de.luhmer.owncloudnewsreader.ListView.PodcastFeedArrayAdapter$ViewHolder, de.luhmer.owncloudnewsreader.NewsReaderListDialogFragment.MenuAction, java.security.KeyFactory, de.luhmer.owncloudnewsreader.ListView.NewsReader_CLI$ViewHolder, IOwnCloudSyncServiceCallback, java.lang.reflect.Method, android.widget.CheckBox, android.content.res.Configuration, com.github.amlcurran.showcaseview.targets.ViewTarget, de.luhmer.owncloudnewsreader.adapter.ViewHolder, de.luhmer.owncloudnewsreader.model.PodcastItem, com.devspark.robototextview.widget.RobotoTextView, com.nostra13.universalimageloader.cache.disc.DiskCache, android.view.WindowManager.LayoutParams, de.luhmer.owncloudnewsreader.ListView.PodcastArrayAdapter, android.graphics.drawable.BitmapDrawable, IKeyValuePair, java.io.IOException, AsyncTask_PerformTagAction, android.widget.CompoundButton, de.luhmer.owncloudnewsreader.ssl.SparseArray, float, de.luhmer.owncloudnewsreader.model.AudioPodcastItem, android.media.session.MediaSessionManager, java.net.URL, de.luhmer.owncloudnewsreader.model.PodcastFeedItem, de.luhmer.owncloudnewsreader.helper.NewsListCursorAdapterHolder, java.net.URI, android.view.MotionEvent, long, de.greenrobot.dao.query.QueryBuilder, de.greenrobot.daogenerator.Property, android.os.IBinder, de.luhmer.owncloudnewsreader.helper.AutoResizeTextView$OnTextResizeListener, android.support.v4.app.LoaderManager, de.luhmer.owncloudnewsreader.view.PodcastNotification, de.luhmer.owncloudnewsreader.cursor.NewsListCursorAdapter$SimpleLayout, com.actionbarsherlock.view.Menu, de.luhmer.owncloudnewsreader.events.podcast.StartDownloadPodcast, android.content.pm.PackageManager, com.michaelflisar.messagebar.MessageBar, de.luhmer.owncloudnewsreader.view.ChangeLogFileListView, de.luhmer.owncloudnewsreader.NewsReaderDetailActivity, de.luhmer.owncloudnewsreader.events.podcast.TogglePlayerStateEvent, android.view.ContextMenu, java.lang.Object, android.webkit.ConsoleMessage, de.luhmer.owncloud.accountimporter.helper.OwnCloudAccount, de.luhmer.owncloudnewsreader.NewsReaderDetailFragment, com.actionbarsherlock.app.SherlockDialogFragment, java.util.regex.Matcher, android.widget.ExpandableListView.OnChildClickListener, java.lang.StringBuffer, android.view.inputmethod.InputMethodManager, org.apache.http.client.methods.HttpGet, int, android.preference.CheckBoxPreference, de.luhmer.owncloudnewsreader.model.TTSItem, android.accounts.AccountManagerFuture, char, java.io.FileOutputStream, android.content.res.Resources, de.luhmer.owncloudnewsreader.adapter.NewsListArrayAdapter$SimpleLayout, de.luhmer.owncloudnewsreader.reader.FeedItemTags, android.content.BroadcastReceiver, android.widget.Button, ContextMenu.ContextMenuInfo, PodcastFragment, de.luhmer.owncloudnewsreader.ListView.SubscriptionExpandableListAdapter, uk.co.senab.actionbarpulltorefresh.extras.actionbarsherlock.PullToRefreshLayout, org.json.JSONObject, com.github.amlcurran.showcaseview.ShowcaseView, java.lang.Void, android.content.ComponentName, android.webkit.WebSettings, E, com.michaelflisar.messagebar.messages.TextMessage, de.luhmer.owncloudnewsreader.adapter.NewsListArrayAdapter, de.luhmer.owncloudnewsreader.NewsDetailActivity$SectionsPagerAdapter, android.app.ActivityManager, de.luhmer.owncloudnewsreader.view.ZoomableRelativeLayout, java.net.Socket, de.luhmer.owncloudnewsreader.reader.AsyncTask_Reader, de.luhmer.owncloudnewsreader.reader.HttpJsonRequest, java.lang.String[], java.lang.ref.WeakReference, android.content.ContentResolver, com.actionbarsherlock.app.SherlockFragmentActivity, de.luhmer.owncloudnewsreader.ListView.SparseArray, SeekBar.OnSeekBarChangeListener, de.luhmer.owncloudnewsreader.events.podcast.NewPodcastPlaybackListener, java.net.InetAddress, DatabaseConnection.SORT_DIRECTION, org.xmlpull.v1.XmlPullParser, 
News-Android-App/, benjamin, 0, 0, 0, 1, 0, 0, 0, 0, 0, 0, 0, 0, 0, 0, 0, 2, 1, 1, 0, 0, 0, 0, 0, 0, 0, 0, 0, 0, 0, 0, 0, 0, 2, 0, 0, 2, 0, 0, 0, 0, 0, 0, 0, 0, 0, 0, 0, 0, 0, 0, 0, 0, 0, 0, 0, 0, 0, 0, 0, 0, 0, 0, 0, 0, 0, 0, 0, 0, 0, 1, 0, 0, 0, 0, 0, 0, 3, 0, 0, 0, 0, 0, 0, 5, 0, 0, 0, 0, 0, 0, 0, 0, 0, 3, 0, 0, 0, 0, 0, 0, 0, 0, 0, 0, 0, 1, 0, 0, 0, 0, 0, 0, 0, 0, 0, 0, 0, 0, 0, 2, 0, 0, 0, 0, 0, 0, 0, 0, 0, 0, 0, 0, 0, 0, 0, 0, 0, 0, 0, 2, 0, 0, 0, 0, 0, 0, 0, 0, 0, 0, 0, 0, 0, 0, 0, 0, 0, 2, 0, 0, 0, 0, 0, 0, 0, 0, 1, 0, 0, 0, 0, 0, 0, 2, 0, 0, 0, 0, 0, 0, 0, 0, 0, 0, 0, 0, 0, 0, 2, 0, 0, 0, 0, 0, 0, 0, 0, 0, 0, 0, 0, 0, 0, 0, 0, 1, 0, 0, 0, 0, 0, 0, 0, 0, 6, 0, 0, 0, 0, 0, 0, 2, 0, 0, 0, 0, 0, 0, 0, 0, 24, 0, 0, 2, 0, 0, 0, 0, 0, 0, 0, 0, 0, 0, 0, 4, 0, 0, 19, 0, 0, 0, 0, 0, 0, 3, 0, 0, 3, 0, 0, 0, 0, 0, 0, 0, 0, 0, 0, 0, 0, 0, 0, 0, 0, 4, 0, 0, 0, 0, 0, 0, 0, 0, 0, 0, 0, 0, 0, 0, 0, 1, 0, 0, 0, 0, 0, 4, 0, 0, 0, 0, 4, 3, 0, 0, 0, 4, 0, 0, 0, 0, 0, 0, 0, 0, 0, 0, 0, 0, 0, 0, 0, 0, 0, 0, 0, 0, 0, 0, 0, 0, 0, 0, 0, 0, 0, 0, 0, 0, 0, 0, 1, 1, 0, 0, 0, 0, 0, 0, 0, 0, 0, 0, 0, 0, 0, 0, 0, 0, 0, 0, 0, 0, 0, 0, 0, 0, 0, 0, 0, 0, 0, 0, 0, 0, 0, 0, 0, 0, 0, 0, 6, 0, 0, 0, 0, 2, 0, 0, 1, 1, 0, 0, 0, 0, 2, 0, 0, 0, 0, 0, 0, 0, 0, 0, 0, 0, 3, 0, 0, 1, 0, 0, 0, 0, 0, 0, 0, 0, 0, 0, 0, 0, 0, 0, 0, 0, 0, 0, 2, 0, 0, 0, 0, 0, 0, 0, 0, 0, 0, 0, 0, 0, 0, 0, 0, 0, 1, 0, 0, 0, 0, 0, 0, 0, 0, 0, 0, 0, 0, 2, 0, 0, 0, 0, 0, 0, 0, 0, 0, 0, 2, 0, 0, 0, 0, 1, 0, 0, 0, 0, 0, 0, 2, 0, 0, 0, 0, 17, 0, 0, 0, 0, 0, 0, 0, 0, 0, 0, 0, 1, 0, 0, 0, 0, 0, 0, 0, 0, 0, 0, 1, 0, 0, 31, 0, 0, 0, 0, 0, 0, 0, 0, 0, 4, 0, 0, 0, 0, 0, 0, 0, 4, 0, 0, 0, 0, 0, 0, 0, 0, 0, 0, 0, 0, 0, 0, 0, 0, 0, 0, 0, 0, 
News-Android-App/, Thomas, 0, 0, 0, 0, 0, 0, 0, 0, 0, 0, 0, 0, 0, 0, 0, 0, 0, 0, 0, 0, 0, 0, 0, 0, 0, 0, 0, 0, 0, 0, 0, 0, 0, 0, 0, 0, 0, 0, 0, 0, 0, 0, 0, 0, 0, 0, 0, 0, 0, 0, 0, 0, 0, 0, 0, 0, 0, 0, 0, 0, 0, 0, 0, 0, 0, 0, 0, 0, 0, 0, 0, 0, 0, 0, 0, 0, 0, 0, 0, 0, 0, 0, 0, 0, 0, 0, 0, 0, 0, 0, 0, 0, 0, 0, 0, 0, 0, 0, 0, 0, 0, 0, 0, 0, 0, 0, 0, 0, 0, 0, 0, 0, 0, 0, 0, 0, 0, 0, 0, 0, 0, 0, 0, 0, 0, 0, 0, 0, 0, 0, 0, 0, 0, 0, 0, 0, 0, 0, 0, 0, 0, 0, 0, 0, 0, 0, 0, 0, 0, 0, 0, 0, 0, 0, 0, 0, 0, 0, 0, 0, 0, 0, 0, 0, 0, 0, 0, 0, 0, 0, 0, 0, 0, 0, 0, 0, 0, 0, 0, 0, 0, 0, 0, 0, 0, 0, 0, 0, 0, 0, 0, 0, 0, 0, 0, 0, 0, 0, 0, 0, 0, 0, 0, 0, 0, 0, 0, 0, 0, 0, 0, 0, 0, 0, 0, 0, 0, 0, 0, 0, 0, 0, 0, 0, 0, 0, 0, 0, 0, 0, 0, 0, 0, 0, 0, 0, 0, 0, 0, 0, 0, 0, 0, 0, 0, 0, 0, 0, 0, 0, 0, 0, 0, 0, 0, 0, 0, 0, 0, 0, 0, 0, 0, 0, 0, 0, 0, 0, 0, 0, 0, 0, 0, 0, 0, 0, 0, 0, 0, 0, 0, 0, 0, 0, 0, 0, 0, 0, 0, 0, 0, 0, 0, 0, 0, 0, 0, 0, 0, 0, 0, 0, 0, 0, 0, 0, 0, 0, 0, 0, 0, 0, 0, 0, 0, 0, 0, 0, 0, 0, 0, 0, 0, 0, 0, 0, 0, 0, 0, 0, 0, 0, 0, 0, 0, 0, 0, 0, 0, 0, 0, 0, 0, 0, 0, 0, 0, 0, 0, 0, 0, 0, 0, 0, 0, 0, 0, 0, 0, 0, 0, 0, 0, 0, 0, 0, 0, 0, 0, 0, 0, 0, 0, 0, 0, 0, 0, 0, 0, 0, 0, 0, 0, 0, 0, 0, 0, 0, 0, 0, 0, 0, 0, 0, 0, 0, 0, 0, 0, 0, 0, 0, 0, 0, 0, 0, 0, 0, 0, 0, 0, 0, 0, 0, 0, 0, 0, 0, 0, 0, 0, 0, 0, 0, 0, 0, 0, 0, 0, 0, 0, 0, 0, 0, 0, 0, 0, 0, 0, 0, 0, 0, 0, 0, 0, 0, 0, 0, 0, 0, 0, 0, 0, 0, 0, 0, 0, 0, 0, 0, 0, 0, 0, 0, 0, 0, 0, 0, 0, 0, 0, 0, 0, 0, 0, 0, 0, 0, 0, 0, 0, 0, 0, 0, 0, 0, 0, 0, 0, 0, 0, 0, 0, 0, 0, 0, 0, 0, 0, 0, 0, 0, 0, 0, 0, 0, 0, 0, 0, 0, 0, 0, 0, 0, 0, 0, 0, 0, 0, 0, 0, 0, 0, 0, 0, 0, 0, 0, 0, 0, 0, 0, 0, 0, 0, 0, 0, 0, 0, 0, 0, 0, 0, 0, 0, 0, 0, 0, 0, 0, 0, 0, 0, 0, 
News-Android-App/, David-Development, 0, 0, 0, 0, 3, 1, 2, 2, 0, 4, 66, 1, 5, 12, 11, 2, 92, 0, 1, 2, 1, 18, 1, 1, 0, 0, 2, 2, 31, 0, 4, 3, 3, 5, 0, 159, 0, 2, 1, 0, 0, 1, 0, 1, 2, 1, 0, 1, 0, 1, 0, 18, 2, 0, 0, 4, 3, 0, 2, 14, 70, 2, 0, 0, 1, 0, 0, 0, 0, 3, 3, 1, 0, 2, 0, 3, 37, 2, 1, 0, 12, 0, 4, 186, 7, 0, 1, 0, 5, 0, 1, 0, 4, 6, 1, 4, 0, 0, 0, 5, 0, 4, 5, 6, 2, 0, 58, 0, 0, 0, 0, 1, 0, 10, 0, 0, 0, 0, 0, 61, 0, 3, 12, 2, 1, 0, 1, 6, 2, 6, 2, 0, 2, 12, 0, 6, 1, 1, 4, 13, 0, 2, 0, 0, 15, 78, 0, 2, 12, 0, 0, 4, 0, 0, 16, 6, 2, 92, 0, 0, 2, 2, 1, 0, 0, 307, 2, 8, 2, 1, 1, 2, 18, 1, 6, 4, 0, 0, 8, 0, 0, 12, 0, 2, 41, 2, 2, 11, 17, 4, 2, 1, 42, 1, 10, 2, 0, 0, 1, 2, 0, 0, 0, 2, 1, 1, 3, 0, 1, 1, 0, 0, 0, 1, 9, 5, 16, 0, 5, 8, 0, 0, 7, 2, 0, 0, 4, 2, 9, 11, 1127, 0, 6, 37, 0, 4, 4, 0, 7, 0, 3, 0, 2, 1, 5, 11, 4, 0, 98, 0, 1, 0, 1, 2, 5, 2, 0, 4, 3, 0, 9, 1, 4, 2, 12, 0, 13, 8, 0, 1, 1, 0, 0, 0, 0, 1, 0, 0, 4, 1, 0, 0, 0, 0, 1, 0, 1, 0, 0, 0, 4, 5, 3, 0, 1, 7, 8, 41, 0, 28, 12, 7, 2, 86, 9, 3, 0, 8, 22, 7, 5, 1, 1, 0, 2, 0, 0, 3, 6, 1, 0, 4, 6, 10, 0, 7, 0, 4, 0, 2, 3, 0, 3, 2, 0, 3, 0, 36, 0, 0, 31, 1, 4, 2, 2, 5, 1, 3, 1, 3, 0, 13, 0, 3, 1, 0, 3, 5, 2, 1, 6, 0, 5, 4, 0, 0, 9, 0, 0, 1, 1, 74, 0, 1, 6, 0, 4, 0, 0, 2, 4, 2, 74, 2, 1, 2, 1, 17, 3, 1, 0, 2, 0, 2, 0, 0, 1, 5, 0, 0, 0, 2, 16, 1, 4, 0, 2, 0, 12, 7, 0, 1, 6, 1, 1, 7, 0, 5, 2, 1, 1, 2, 6, 2, 0, 2, 0, 1, 2, 11, 8, 10, 3, 0, 2, 12, 2, 8, 6, 6, 0, 2, 5, 2, 0, 22, 0, 2, 1, 0, 0, 3, 4, 0, 2, 1, 0, 6, 0, 10, 0, 1, 2, 0, 3, 2, 17, 0, 0, 3, 2, 12, 0, 1, 1, 4, 0, 2, 0, 9, 1, 49, 0, 0, 18, 0, 0, 0, 2, 78, 0, 5, 9, 4, 1, 0, 1, 7, 0, 0, 1, 3, 0, 0, 1, 53, 0, 0, 8, 4, 4, 1, 4, 0, 6, 720, 1, 0, 1, 0, 8, 2, 0, 14, 6, 4, 1, 2, 1, 2, 45, 0, 1, 15, 2, 0, 1, 0, 1, 2, 0, 9, 3, 0, 1, 9, 0, 5, 1, 0, 0, 6, 0, 0, 
News-Android-App/, yoimox, 0, 0, 0, 0, 0, 0, 0, 0, 0, 0, 0, 0, 0, 0, 0, 0, 0, 0, 0, 0, 0, 0, 0, 0, 0, 0, 0, 0, 0, 0, 0, 0, 0, 0, 0, 0, 0, 0, 0, 0, 0, 0, 0, 0, 0, 0, 0, 0, 0, 0, 0, 0, 0, 0, 0, 0, 0, 0, 0, 0, 0, 0, 0, 0, 0, 0, 0, 0, 0, 0, 0, 0, 0, 0, 0, 0, 0, 0, 0, 0, 0, 0, 0, 0, 0, 0, 0, 0, 0, 0, 0, 0, 0, 0, 0, 0, 0, 0, 0, 0, 0, 0, 0, 0, 0, 0, 0, 0, 0, 0, 0, 0, 0, 0, 0, 0, 0, 0, 0, 0, 0, 0, 0, 0, 0, 0, 0, 0, 0, 0, 0, 0, 0, 0, 0, 0, 0, 0, 0, 0, 0, 0, 0, 0, 0, 0, 0, 0, 0, 0, 0, 0, 0, 0, 0, 0, 0, 0, 0, 0, 0, 0, 0, 0, 0, 0, 0, 0, 0, 0, 0, 0, 0, 0, 0, 0, 0, 0, 0, 0, 0, 0, 0, 0, 0, 0, 0, 0, 0, 0, 0, 0, 0, 0, 0, 0, 0, 0, 0, 0, 0, 0, 0, 0, 0, 0, 0, 0, 0, 0, 0, 0, 0, 0, 0, 0, 0, 0, 0, 0, 0, 0, 0, 0, 0, 0, 0, 0, 0, 0, 0, 0, 0, 0, 0, 0, 0, 0, 0, 0, 0, 0, 0, 0, 0, 0, 0, 0, 0, 0, 0, 0, 0, 0, 0, 0, 0, 0, 0, 0, 0, 0, 0, 0, 0, 0, 0, 0, 0, 0, 0, 0, 0, 0, 0, 0, 0, 0, 0, 0, 0, 0, 0, 0, 0, 0, 0, 0, 0, 0, 0, 0, 0, 0, 0, 0, 0, 0, 0, 0, 0, 0, 0, 0, 0, 0, 0, 0, 0, 0, 0, 0, 0, 0, 0, 0, 0, 0, 0, 0, 0, 0, 0, 0, 0, 0, 0, 0, 0, 0, 0, 0, 0, 0, 0, 0, 0, 0, 0, 0, 0, 0, 0, 0, 0, 0, 0, 0, 0, 0, 0, 0, 0, 0, 0, 0, 0, 0, 0, 0, 0, 0, 0, 0, 0, 0, 0, 0, 0, 0, 0, 0, 0, 0, 0, 0, 0, 0, 0, 0, 0, 0, 0, 0, 0, 0, 0, 0, 0, 0, 0, 0, 0, 0, 0, 0, 0, 0, 0, 0, 0, 0, 0, 0, 0, 0, 0, 0, 0, 0, 0, 0, 0, 0, 0, 0, 0, 0, 0, 0, 0, 0, 0, 0, 0, 0, 0, 0, 0, 0, 0, 0, 0, 0, 0, 0, 0, 0, 0, 0, 0, 0, 0, 0, 0, 0, 0, 0, 0, 0, 0, 0, 0, 0, 0, 0, 0, 0, 0, 0, 0, 0, 0, 0, 0, 0, 0, 0, 0, 0, 0, 0, 0, 0, 0, 0, 0, 0, 0, 0, 0, 0, 0, 0, 0, 0, 0, 0, 0, 0, 0, 0, 0, 0, 0, 0, 0, 0, 0, 0, 0, 0, 0, 0, 0, 0, 0, 0, 0, 0, 0, 0, 0, 0, 0, 0, 0, 0, 0, 0, 0, 0, 0, 0, 0, 0, 0, 0, 0, 0, 0, 0, 0, 0, 0, 0, 0, 0, 0, 0, 0, 0, 0, 0, 0, 0, 0, 0, 0, 0, 0, 0, 0, 0, 
News-Android-App/, Christine, 0, 0, 0, 1, 0, 0, 4, 0, 0, 0, 3, 0, 0, 0, 1, 0, 0, 0, 0, 0, 0, 0, 0, 0, 0, 0, 0, 0, 0, 0, 0, 0, 0, 2, 0, 3, 0, 0, 0, 0, 0, 0, 0, 2, 0, 0, 0, 0, 0, 0, 0, 0, 0, 0, 0, 0, 0, 0, 0, 0, 1, 0, 0, 0, 0, 0, 0, 0, 0, 2, 0, 0, 0, 0, 0, 0, 2, 0, 0, 0, 0, 0, 0, 20, 0, 0, 0, 0, 0, 0, 0, 0, 0, 0, 0, 0, 0, 0, 0, 4, 0, 0, 0, 0, 0, 0, 12, 0, 0, 0, 0, 0, 0, 1, 0, 0, 0, 0, 0, 0, 0, 0, 0, 0, 2, 0, 0, 1, 0, 0, 0, 0, 1, 18, 0, 0, 0, 1, 0, 1, 0, 1, 0, 0, 1, 9, 0, 0, 0, 0, 0, 16, 0, 0, 0, 0, 0, 4, 0, 0, 0, 0, 0, 0, 0, 51, 1, 0, 0, 0, 0, 0, 0, 0, 0, 0, 0, 0, 0, 0, 0, 0, 0, 0, 0, 0, 0, 0, 0, 0, 0, 0, 7, 0, 0, 0, 0, 0, 0, 0, 0, 0, 0, 0, 0, 0, 0, 0, 0, 0, 0, 0, 0, 0, 0, 0, 0, 0, 0, 4, 0, 2, 0, 0, 0, 0, 0, 0, 0, 1, 67, 0, 0, 5, 0, 0, 0, 0, 0, 0, 0, 0, 0, 0, 0, 1, 0, 0, 14, 0, 0, 0, 0, 0, 0, 3, 0, 0, 0, 0, 0, 0, 0, 2, 0, 0, 0, 0, 0, 0, 0, 0, 0, 0, 0, 0, 0, 0, 0, 0, 0, 0, 0, 0, 0, 0, 0, 0, 0, 0, 0, 0, 0, 0, 0, 0, 2, 13, 0, 2, 0, 8, 0, 1, 2, 0, 0, 0, 0, 0, 0, 2, 0, 0, 0, 0, 0, 0, 0, 4, 0, 0, 0, 1, 0, 0, 0, 0, 0, 0, 0, 0, 0, 0, 0, 0, 0, 0, 0, 0, 2, 0, 0, 0, 0, 0, 0, 0, 0, 0, 0, 0, 0, 0, 0, 0, 1, 0, 0, 0, 1, 0, 0, 2, 0, 0, 0, 0, 0, 0, 0, 11, 0, 0, 2, 0, 0, 0, 0, 0, 0, 0, 0, 0, 0, 0, 0, 2, 1, 1, 0, 2, 0, 0, 0, 0, 0, 0, 0, 0, 0, 0, 0, 0, 0, 0, 0, 0, 0, 0, 0, 0, 0, 0, 0, 0, 0, 0, 0, 0, 0, 0, 0, 0, 0, 0, 0, 0, 0, 3, 0, 0, 0, 0, 2, 0, 0, 0, 2, 2, 0, 4, 0, 0, 0, 0, 0, 0, 0, 0, 0, 0, 0, 0, 2, 0, 0, 0, 0, 0, 0, 0, 0, 0, 0, 0, 5, 0, 0, 0, 0, 0, 0, 0, 0, 2, 0, 4, 0, 2, 0, 0, 0, 0, 4, 0, 0, 0, 2, 4, 0, 3, 0, 0, 0, 0, 1, 0, 0, 0, 0, 6, 0, 0, 1, 0, 0, 0, 0, 0, 1, 0, 0, 0, 1, 63, 0, 0, 0, 0, 0, 0, 0, 0, 1, 0, 1, 0, 0, 0, 0, 0, 0, 4, 0, 0, 0, 0, 0, 0, 0, 0, 0, 0, 0, 0, 0, 0, 0, 0, 0, 0, 0, 0, 
News-Android-App/, stefan-niedermann, 0, 0, 0, 0, 0, 0, 0, 0, 0, 0, 0, 0, 0, 0, 0, 0, 0, 0, 0, 0, 0, 0, 0, 0, 0, 0, 0, 0, 0, 0, 0, 0, 0, 0, 0, 0, 0, 0, 0, 0, 0, 0, 0, 0, 0, 0, 0, 0, 0, 0, 0, 0, 0, 0, 0, 0, 0, 0, 0, 0, 0, 0, 0, 0, 0, 0, 0, 0, 0, 0, 0, 0, 0, 0, 0, 0, 0, 0, 0, 0, 0, 0, 0, 0, 0, 0, 0, 0, 0, 0, 0, 0, 0, 0, 0, 0, 0, 0, 0, 0, 0, 0, 0, 0, 0, 0, 0, 0, 0, 0, 0, 0, 0, 0, 0, 0, 0, 0, 0, 0, 0, 0, 0, 0, 0, 0, 0, 0, 0, 0, 0, 0, 0, 0, 0, 0, 0, 0, 0, 0, 0, 0, 0, 0, 0, 0, 0, 0, 0, 0, 0, 0, 0, 0, 0, 0, 0, 0, 0, 0, 0, 0, 0, 0, 0, 0, 0, 0, 0, 0, 0, 0, 0, 0, 0, 0, 0, 0, 0, 0, 0, 0, 0, 0, 0, 0, 0, 0, 0, 0, 0, 0, 0, 0, 0, 0, 0, 0, 0, 0, 0, 0, 0, 0, 0, 0, 0, 0, 0, 0, 0, 0, 0, 0, 0, 0, 0, 0, 0, 0, 0, 0, 0, 0, 0, 0, 0, 0, 0, 0, 0, 0, 0, 0, 0, 0, 0, 0, 0, 0, 0, 0, 0, 0, 0, 0, 0, 0, 0, 0, 0, 0, 0, 0, 0, 0, 0, 0, 0, 0, 0, 0, 0, 0, 0, 0, 0, 0, 0, 0, 0, 0, 0, 0, 0, 0, 0, 0, 0, 0, 0, 0, 0, 0, 0, 0, 0, 0, 0, 0, 0, 0, 0, 0, 0, 0, 0, 0, 0, 0, 0, 0, 0, 0, 0, 0, 0, 0, 0, 0, 0, 0, 0, 0, 0, 0, 0, 0, 0, 0, 0, 0, 0, 0, 0, 0, 0, 0, 0, 0, 0, 0, 0, 0, 0, 0, 0, 0, 0, 0, 0, 0, 0, 0, 0, 0, 0, 0, 0, 0, 0, 0, 0, 0, 0, 0, 0, 0, 0, 0, 0, 0, 0, 0, 0, 0, 0, 0, 0, 0, 0, 0, 0, 0, 0, 0, 0, 0, 0, 0, 0, 0, 0, 0, 0, 0, 0, 0, 0, 0, 0, 0, 0, 0, 0, 0, 0, 0, 0, 0, 0, 0, 0, 0, 0, 0, 0, 0, 0, 0, 0, 0, 0, 0, 0, 0, 0, 0, 0, 0, 0, 0, 0, 0, 0, 0, 0, 0, 0, 0, 0, 0, 0, 0, 0, 0, 0, 0, 0, 0, 0, 0, 0, 0, 0, 0, 0, 0, 0, 0, 0, 0, 0, 0, 0, 0, 0, 0, 0, 0, 0, 0, 0, 0, 0, 0, 0, 0, 0, 0, 0, 0, 0, 0, 0, 0, 0, 0, 0, 0, 0, 0, 0, 0, 0, 0, 0, 0, 0, 0, 0, 0, 0, 0, 0, 0, 0, 0, 0, 0, 0, 0, 0, 0, 0, 0, 0, 0, 0, 0, 0, 0, 0, 0, 0, 0, 0, 0, 0, 0, 0, 0, 0, 0, 0, 0, 0, 0, 0, 0, 0, 0, 0, 0, 0, 0, 0, 0, 0, 0, 0, 0, 0, 0, 0, 0, 0, 0, 0, 0, 0, 0, 0, 0, 
News-Android-App/, Frank, 0, 0, 1, 1, 0, 1, 2, 0, 1, 2, 11, 0, 3, 8, 0, 3, 11, 1, 1, 0, 1, 29, 1, 1, 0, 1, 1, 0, 0, 3, 0, 2, 1, 0, 1, 80, 0, 2, 11, 2, 2, 0, 1, 1, 2, 0, 1, 1, 1, 1, 2, 0, 0, 1, 1, 0, 0, 1, 4, 0, 29, 2, 1, 1, 0, 1, 1, 0, 0, 1, 0, 1, 0, 0, 1, 1, 14, 1, 0, 1, 0, 0, 2, 116, 0, 0, 0, 0, 2, 0, 2, 1, 2, 4, 1, 0, 0, 1, 1, 10, 2, 5, 0, 0, 5, 1, 13, 2, 0, 2, 0, 2, 1, 2, 0, 1, 0, 1, 0, 18, 4, 2, 0, 1, 1, 0, 1, 0, 1, 3, 0, 4, 1, 7, 0, 29, 1, 0, 0, 11, 1, 1, 0, 3, 1, 0, 1, 2, 7, 0, 5, 4, 14, 2, 0, 0, 0, 41, 0, 0, 1, 1, 2, 3, 1, 119, 10, 0, 3, 1, 1, 2, 0, 1, 6, 1, 0, 1, 11, 1, 0, 0, 0, 0, 7, 0, 2, 5, 8, 4, 4, 0, 6, 0, 0, 0, 4, 0, 1, 1, 1, 12, 0, 1, 1, 1, 0, 1, 0, 0, 1, 1, 0, 0, 23, 1, 3, 1, 5, 0, 0, 2, 3, 0, 3, 0, 0, 0, 6, 2, 450, 2, 8, 25, 0, 0, 0, 1, 0, 0, 0, 1, 2, 1, 0, 10, 4, 1, 72, 1, 1, 0, 0, 3, 3, 10, 1, 0, 4, 1, 4, 0, 0, 0, 6, 0, 11, 2, 2, 2, 3, 6, 2, 4, 1, 1, 1, 0, 3, 1, 1, 2, 0, 2, 0, 0, 0, 0, 2, 26, 5, 4, 0, 0, 1, 3, 1, 22, 0, 0, 1, 15, 2, 59, 0, 7, 1, 5, 0, 3, 0, 1, 1, 0, 1, 4, 0, 0, 0, 1, 0, 1, 0, 0, 2, 1, 0, 2, 0, 2, 0, 1, 8, 1, 6, 0, 5, 8, 1, 1, 17, 4, 5, 5, 2, 1, 0, 3, 1, 1, 3, 9, 2, 4, 1, 0, 4, 0, 2, 1, 0, 0, 8, 5, 0, 0, 5, 0, 1, 0, 1, 22, 2, 1, 4, 1, 0, 1, 1, 4, 6, 1, 50, 2, 0, 2, 0, 45, 1, 0, 1, 0, 0, 2, 3, 1, 1, 6, 1, 0, 0, 1, 1, 1, 0, 3, 2, 0, 4, 0, 4, 1, 0, 1, 0, 0, 2, 2, 0, 1, 1, 0, 4, 1, 0, 1, 0, 1, 2, 2, 34, 0, 1, 0, 3, 0, 4, 3, 6, 2, 0, 1, 3, 1, 2, 4, 0, 1, 2, 0, 0, 1, 0, 2, 2, 0, 0, 0, 0, 6, 1, 1, 0, 0, 3, 1, 1, 1, 0, 11, 13, 0, 2, 1, 1, 0, 0, 3, 0, 1, 1, 72, 0, 1, 7, 1, 0, 0, 7, 101, 2, 5, 3, 2, 0, 0, 0, 0, 1, 2, 0, 4, 0, 0, 1, 7, 1, 1, 3, 0, 2, 1, 0, 1, 0, 279, 1, 1, 0, 0, 3, 3, 0, 11, 1, 7, 1, 0, 1, 0, 18, 0, 1, 10, 1, 2, 0, 0, 1, 4, 1, 1, 1, 1, 0, 0, 0, 0, 0, 1, 0, 4, 0, 5, 
News-Android-App/, Stefan, 0, 0, 0, 0, 0, 0, 0, 0, 0, 0, 0, 0, 0, 0, 0, 0, 0, 0, 0, 0, 0, 0, 0, 0, 0, 0, 0, 0, 0, 0, 0, 0, 0, 0, 0, 0, 0, 0, 0, 0, 0, 0, 0, 0, 0, 0, 0, 0, 0, 0, 0, 0, 0, 0, 0, 0, 0, 0, 0, 0, 0, 0, 0, 0, 0, 0, 0, 0, 0, 0, 0, 0, 0, 0, 0, 0, 0, 0, 0, 0, 0, 0, 0, 0, 0, 0, 0, 0, 0, 0, 0, 0, 0, 0, 0, 0, 0, 0, 0, 0, 0, 0, 0, 0, 0, 0, 0, 0, 0, 0, 0, 0, 0, 0, 0, 0, 0, 0, 0, 0, 0, 0, 0, 0, 0, 0, 0, 0, 0, 0, 0, 0, 0, 0, 0, 0, 0, 0, 0, 0, 0, 0, 0, 0, 0, 0, 0, 0, 0, 0, 0, 0, 0, 0, 0, 0, 0, 0, 0, 0, 0, 0, 0, 0, 0, 0, 0, 0, 0, 0, 0, 0, 0, 0, 0, 0, 0, 0, 0, 0, 0, 0, 0, 0, 0, 0, 0, 0, 0, 0, 0, 0, 0, 0, 0, 0, 0, 0, 0, 0, 0, 0, 0, 0, 0, 0, 0, 0, 0, 0, 0, 0, 0, 0, 0, 0, 0, 0, 0, 0, 0, 0, 0, 0, 0, 0, 0, 0, 0, 0, 0, 0, 0, 0, 0, 0, 0, 0, 0, 0, 0, 0, 0, 0, 0, 0, 0, 0, 0, 0, 0, 0, 0, 0, 0, 0, 0, 0, 0, 0, 0, 0, 0, 0, 0, 0, 0, 0, 0, 0, 0, 0, 0, 0, 0, 0, 0, 0, 0, 0, 0, 0, 0, 0, 0, 0, 0, 0, 0, 0, 0, 0, 0, 0, 0, 0, 0, 0, 0, 0, 0, 0, 0, 0, 0, 0, 0, 0, 0, 0, 0, 0, 0, 0, 0, 0, 0, 0, 0, 0, 0, 0, 0, 0, 0, 0, 0, 0, 0, 0, 0, 0, 0, 0, 0, 0, 0, 0, 0, 0, 0, 0, 0, 0, 0, 0, 0, 0, 0, 0, 0, 0, 0, 0, 0, 0, 0, 0, 0, 0, 0, 0, 0, 0, 0, 0, 0, 0, 0, 0, 0, 0, 0, 0, 0, 0, 0, 0, 0, 0, 0, 0, 0, 0, 0, 0, 0, 0, 0, 0, 0, 0, 0, 0, 0, 0, 0, 0, 0, 0, 0, 0, 0, 0, 0, 0, 0, 0, 0, 0, 0, 0, 0, 0, 0, 0, 0, 0, 0, 0, 0, 0, 0, 0, 0, 0, 0, 0, 0, 0, 0, 0, 0, 0, 0, 0, 0, 0, 0, 0, 0, 0, 0, 0, 0, 0, 0, 0, 0, 0, 0, 0, 0, 0, 0, 0, 0, 0, 0, 0, 0, 0, 0, 0, 0, 0, 0, 0, 0, 0, 0, 0, 0, 0, 0, 0, 0, 0, 0, 0, 0, 0, 0, 0, 0, 0, 0, 0, 0, 0, 0, 0, 0, 0, 0, 0, 0, 0, 0, 0, 0, 0, 0, 0, 0, 0, 0, 0, 0, 0, 0, 0, 0, 0, 0, 0, 0, 0, 0, 0, 0, 0, 0, 0, 0, 0, 0, 0, 0, 0, 0, 0, 0, 0, 0, 0, 0, 0, 0, 0, 0, 0, 0, 0, 0, 0, 0, 0, 0, 0, 0, 0, 0, 0, 
News-Android-App/, David, 6, 2, 0, 0, 1, 0, 0, 1, 0, 10, 119, 0, 5, 43, 25, 3, 109, 0, 3, 1, 1, 1, 1, 0, 1, 0, 2, 2, 29, 10, 4, 3, 2, 2, 5, 304, 1, 0, 16, 1, 0, 1, 0, 0, 8, 1, 0, 0, 0, 3, 2, 18, 0, 2, 0, 2, 3, 0, 16, 9, 126, 8, 3, 1, 0, 0, 1, 5, 2, 2, 0, 3, 2, 1, 0, 0, 71, 1, 5, 0, 18, 3, 9, 275, 7, 1, 4, 3, 1, 1, 4, 0, 2, 8, 2, 2, 1, 0, 0, 14, 2, 1, 10, 19, 2, 0, 106, 2, 3, 2, 1, 1, 1, 7, 2, 1, 2, 2, 0, 72, 0, 19, 6, 1, 0, 9, 8, 9, 0, 25, 6, 2, 4, 74, 3, 63, 1, 1, 2, 24, 0, 5, 5, 7, 27, 109, 2, 10, 20, 2, 3, 0, 16, 2, 38, 9, 1, 186, 1, 2, 2, 2, 0, 0, 2, 506, 19, 4, 3, 2, 0, 2, 1, 0, 18, 4, 3, 1, 15, 1, 0, 21, 1, 2, 28, 1, 10, 11, 25, 4, 0, 1, 45, 1, 5, 1, 4, 0, 1, 0, 11, 12, 1, 1, 1, 0, 3, 0, 0, 1, 3, 1, 2, 1, 38, 6, 34, 0, 0, 6, 1, 1, 15, 2, 0, 6, 13, 1, 6, 10, 1955, 2, 0, 91, 3, 1, 3, 0, 8, 3, 6, 2, 0, 4, 0, 34, 16, 0, 212, 1, 3, 2, 4, 27, 4, 6, 0, 2, 1, 0, 14, 2, 2, 3, 23, 1, 33, 12, 2, 0, 3, 68, 0, 1, 3, 0, 1, 1, 9, 3, 7, 1, 6, 0, 0, 2, 2, 13, 2, 26, 4, 2, 0, 1, 3, 12, 12, 98, 2, 5, 11, 23, 0, 165, 12, 11, 1, 0, 52, 14, 2, 0, 0, 3, 3, 3, 1, 2, 10, 0, 2, 1, 3, 16, 2, 11, 1, 0, 1, 2, 12, 0, 10, 2, 12, 4, 6, 58, 0, 1, 49, 4, 5, 1, 12, 5, 1, 6, 0, 14, 6, 23, 0, 2, 1, 1, 9, 4, 0, 0, 7, 2, 25, 12, 1, 3, 9, 1, 1, 1, 1, 139, 7, 1, 1, 2, 7, 1, 0, 4, 0, 2, 112, 8, 0, 2, 0, 79, 1, 3, 3, 0, 2, 2, 2, 0, 0, 7, 2, 4, 28, 0, 22, 0, 8, 0, 1, 1, 8, 5, 3, 0, 3, 3, 0, 7, 2, 11, 1, 3, 4, 2, 13, 3, 1, 1, 1, 1, 8, 5, 51, 6, 3, 2, 5, 6, 9, 9, 10, 14, 3, 0, 10, 4, 2, 20, 7, 1, 2, 2, 1, 3, 2, 2, 2, 2, 2, 3, 2, 13, 1, 0, 1, 1, 11, 0, 40, 0, 0, 12, 29, 2, 0, 1, 2, 4, 2, 0, 2, 22, 4, 123, 4, 0, 25, 2, 2, 4, 9, 198, 2, 5, 21, 0, 9, 3, 1, 7, 0, 2, 0, 0, 1, 3, 0, 108, 0, 1, 9, 7, 2, 1, 10, 2, 12, 2718, 1, 0, 1, 2, 22, 5, 1, 2, 5, 3, 0, 2, 1, 0, 56, 6, 5, 40, 2, 2, 0, 5, 1, 7, 7, 8, 1, 0, 2, 12, 2, 0, 3, 0, 1, 6, 4, 4, 
News-Android-App/, Daniel, 0, 0, 0, 0, 2, 1, 0, 0, 0, 0, 25, 0, 0, 12, 0, 0, 3, 0, 0, 0, 0, 38, 0, 0, 1, 0, 0, 1, 0, 0, 0, 0, 1, 0, 0, 10, 1, 0, 0, 2, 0, 0, 0, 0, 0, 0, 0, 0, 0, 0, 0, 0, 0, 2, 0, 0, 0, 0, 1, 0, 28, 0, 2, 0, 0, 3, 0, 0, 0, 0, 0, 6, 0, 0, 0, 3, 21, 0, 0, 0, 0, 0, 1, 33, 0, 0, 1, 0, 0, 0, 0, 0, 0, 2, 1, 0, 0, 1, 1, 2, 2, 0, 0, 3, 0, 0, 0, 0, 1, 0, 0, 0, 0, 1, 0, 0, 0, 2, 0, 26, 0, 2, 0, 0, 0, 0, 1, 0, 0, 0, 0, 1, 0, 16, 0, 8, 0, 0, 0, 0, 0, 1, 0, 0, 2, 0, 2, 0, 2, 0, 0, 0, 0, 0, 0, 0, 0, 12, 0, 0, 0, 0, 0, 0, 1, 43, 0, 0, 0, 0, 1, 0, 0, 0, 0, 2, 0, 1, 12, 0, 0, 0, 0, 0, 7, 0, 0, 1, 4, 0, 2, 0, 0, 0, 0, 0, 0, 0, 0, 0, 0, 0, 0, 0, 0, 0, 0, 0, 0, 0, 2, 0, 0, 1, 2, 0, 2, 0, 0, 0, 0, 0, 2, 0, 0, 0, 2, 0, 0, 1, 132, 0, 4, 4, 0, 1, 0, 0, 1, 0, 0, 0, 0, 0, 0, 6, 0, 0, 40, 0, 0, 0, 0, 0, 0, 0, 0, 0, 0, 0, 1, 0, 0, 0, 3, 0, 0, 1, 0, 2, 0, 18, 0, 0, 0, 0, 0, 0, 0, 0, 1, 0, 2, 0, 0, 0, 0, 0, 0, 0, 3, 0, 0, 1, 0, 0, 2, 10, 0, 0, 8, 0, 0, 11, 0, 6, 0, 0, 0, 0, 1, 0, 0, 0, 0, 3, 0, 0, 0, 0, 0, 2, 0, 0, 0, 0, 0, 0, 0, 0, 0, 0, 5, 0, 0, 0, 6, 9, 0, 0, 4, 0, 0, 2, 1, 0, 0, 0, 0, 1, 0, 1, 1, 0, 0, 0, 1, 1, 0, 0, 0, 0, 0, 5, 0, 0, 0, 1, 2, 0, 0, 0, 0, 0, 0, 0, 2, 0, 0, 0, 4, 1, 12, 0, 0, 0, 0, 16, 0, 0, 1, 0, 0, 0, 0, 0, 0, 0, 2, 0, 3, 0, 1, 0, 0, 0, 0, 0, 1, 0, 0, 0, 0, 0, 0, 2, 0, 1, 0, 0, 0, 0, 1, 0, 0, 0, 0, 0, 0, 0, 3, 0, 0, 0, 0, 0, 0, 0, 1, 1, 0, 0, 1, 0, 0, 5, 3, 0, 1, 0, 0, 0, 0, 0, 0, 0, 0, 0, 0, 12, 0, 0, 0, 0, 2, 0, 5, 3, 1, 14, 1, 0, 0, 0, 0, 0, 0, 0, 0, 4, 0, 3, 0, 0, 4, 0, 0, 0, 0, 13, 0, 0, 2, 0, 0, 0, 0, 0, 0, 0, 0, 0, 0, 0, 0, 26, 0, 0, 0, 0, 0, 0, 0, 0, 0, 128, 0, 1, 0, 0, 2, 5, 0, 12, 0, 0, 0, 0, 0, 0, 0, 4, 1, 8, 0, 0, 0, 1, 0, 6, 0, 0, 2, 0, 0, 0, 0, 0, 0, 0, 0, 0, 0, 0, 
News-Android-App/, Volkan, 0, 0, 0, 0, 0, 0, 0, 0, 0, 0, 0, 0, 0, 0, 0, 0, 0, 0, 0, 0, 0, 0, 0, 0, 0, 0, 0, 0, 0, 0, 0, 0, 0, 0, 0, 0, 0, 0, 0, 0, 0, 0, 0, 0, 0, 0, 0, 0, 0, 0, 0, 0, 0, 0, 0, 0, 0, 0, 0, 0, 0, 0, 0, 0, 0, 0, 0, 0, 0, 0, 0, 0, 0, 0, 0, 0, 0, 0, 0, 0, 0, 0, 0, 0, 0, 0, 0, 0, 0, 0, 0, 0, 0, 0, 0, 0, 0, 0, 0, 0, 0, 0, 0, 0, 0, 0, 0, 0, 0, 0, 0, 0, 0, 0, 0, 0, 0, 0, 0, 0, 0, 0, 0, 0, 0, 0, 0, 0, 0, 0, 0, 0, 0, 0, 0, 0, 0, 0, 0, 0, 0, 0, 0, 0, 0, 0, 0, 0, 0, 0, 1, 0, 0, 0, 0, 0, 0, 0, 0, 0, 0, 0, 0, 0, 0, 0, 0, 0, 0, 0, 0, 0, 0, 0, 0, 0, 0, 0, 0, 0, 0, 0, 0, 0, 0, 0, 0, 2, 0, 0, 0, 0, 0, 0, 0, 0, 0, 0, 0, 0, 0, 0, 0, 0, 0, 0, 0, 0, 0, 0, 0, 0, 0, 0, 0, 0, 0, 0, 0, 0, 0, 0, 0, 0, 0, 0, 0, 0, 0, 2, 0, 0, 0, 0, 0, 0, 0, 0, 0, 0, 0, 0, 0, 0, 0, 0, 0, 0, 1, 0, 0, 0, 0, 0, 0, 0, 0, 0, 0, 0, 0, 0, 0, 0, 0, 0, 0, 0, 0, 0, 0, 0, 0, 0, 0, 0, 0, 0, 0, 0, 0, 0, 0, 0, 0, 0, 0, 0, 0, 0, 0, 0, 0, 0, 0, 0, 0, 0, 0, 0, 0, 0, 0, 0, 0, 0, 0, 0, 0, 0, 0, 0, 0, 0, 0, 0, 0, 0, 0, 0, 0, 0, 0, 0, 0, 0, 0, 0, 0, 0, 0, 0, 0, 0, 0, 0, 0, 2, 0, 0, 0, 0, 0, 0, 0, 0, 0, 0, 0, 0, 0, 0, 0, 0, 0, 0, 0, 0, 0, 0, 0, 0, 0, 0, 0, 0, 0, 0, 0, 0, 0, 0, 0, 0, 0, 0, 0, 0, 0, 0, 0, 0, 0, 0, 0, 0, 0, 0, 0, 0, 0, 0, 0, 0, 0, 0, 0, 0, 0, 0, 0, 0, 0, 0, 0, 0, 0, 0, 0, 0, 0, 0, 0, 0, 0, 0, 0, 0, 0, 0, 0, 0, 0, 0, 0, 0, 0, 0, 0, 0, 0, 0, 0, 0, 0, 0, 0, 0, 0, 1, 0, 0, 0, 0, 0, 0, 0, 0, 0, 0, 0, 0, 0, 0, 0, 0, 0, 0, 0, 0, 0, 0, 0, 0, 0, 0, 0, 0, 0, 0, 0, 0, 0, 0, 0, 0, 0, 0, 0, 0, 0, 0, 0, 0, 0, 0, 0, 0, 0, 0, 0, 0, 0, 0, 0, 0, 0, 0, 0, 0, 0, 0, 0, 0, 0, 0, 0, 0, 0, 0, 0, 0, 0, 0, 0, 2, 0, 0, 0, 0, 0, 0, 0, 0, 0, 0, 0, 0, 0, 0, 0, 0, 0, 0, 0, 0, 0, 0, 0, 0, 0, 0, 0, 0, 0, 0, 0, 0, 0, 0, 0, 0, 0, 0, 
News-Android-App/, Olivier, 0, 0, 0, 0, 0, 0, 0, 0, 0, 0, 6, 0, 0, 0, 2, 0, 0, 0, 0, 0, 0, 0, 0, 0, 0, 0, 0, 0, 0, 0, 0, 0, 0, 0, 0, 2, 0, 0, 0, 0, 0, 0, 0, 0, 0, 0, 0, 0, 0, 0, 0, 0, 0, 0, 0, 0, 0, 0, 0, 0, 2, 0, 0, 0, 0, 0, 0, 0, 0, 0, 0, 0, 0, 0, 0, 0, 0, 0, 0, 0, 0, 0, 0, 6, 0, 0, 0, 0, 0, 0, 0, 0, 0, 0, 0, 0, 0, 0, 0, 0, 0, 0, 0, 0, 0, 0, 0, 0, 0, 0, 0, 0, 0, 2, 0, 0, 0, 0, 0, 0, 0, 0, 0, 0, 0, 0, 0, 2, 0, 0, 0, 0, 2, 12, 0, 0, 0, 0, 0, 2, 0, 2, 0, 0, 2, 10, 0, 0, 0, 0, 0, 0, 0, 0, 0, 0, 0, 8, 0, 0, 0, 0, 0, 0, 0, 16, 0, 0, 0, 0, 0, 0, 0, 0, 0, 0, 0, 0, 0, 0, 0, 0, 0, 0, 0, 0, 0, 0, 0, 0, 0, 0, 2, 0, 0, 0, 0, 0, 0, 0, 0, 0, 0, 0, 0, 0, 0, 0, 0, 0, 0, 0, 0, 0, 0, 0, 0, 0, 0, 0, 0, 0, 0, 0, 0, 0, 0, 0, 0, 2, 38, 0, 0, 10, 0, 0, 0, 0, 0, 0, 0, 0, 0, 0, 0, 2, 0, 0, 26, 0, 0, 0, 0, 0, 0, 0, 0, 0, 0, 0, 0, 0, 0, 0, 0, 0, 0, 0, 0, 0, 0, 0, 0, 0, 0, 0, 0, 0, 0, 0, 0, 0, 0, 0, 0, 0, 0, 0, 0, 0, 0, 0, 0, 0, 0, 0, 0, 18, 0, 4, 0, 0, 0, 0, 4, 0, 0, 0, 0, 0, 0, 0, 0, 0, 0, 0, 0, 0, 0, 0, 0, 0, 0, 2, 0, 0, 0, 0, 0, 0, 0, 0, 0, 0, 0, 0, 0, 0, 0, 0, 0, 0, 0, 0, 0, 0, 0, 0, 0, 0, 0, 0, 0, 0, 0, 0, 0, 0, 0, 0, 2, 0, 0, 0, 0, 0, 0, 0, 0, 0, 0, 20, 0, 0, 0, 0, 0, 0, 0, 0, 0, 0, 0, 0, 0, 0, 0, 0, 0, 2, 0, 0, 0, 0, 0, 0, 0, 0, 0, 0, 0, 0, 0, 0, 0, 0, 0, 0, 0, 0, 0, 0, 0, 0, 0, 0, 0, 0, 0, 0, 0, 0, 0, 0, 0, 0, 0, 0, 0, 0, 0, 0, 0, 0, 0, 0, 0, 0, 2, 4, 0, 0, 0, 0, 0, 0, 0, 0, 0, 0, 0, 0, 0, 0, 4, 0, 0, 0, 0, 0, 0, 0, 0, 0, 0, 0, 10, 0, 0, 0, 0, 0, 0, 0, 0, 0, 0, 0, 0, 4, 0, 0, 0, 0, 0, 0, 0, 0, 0, 4, 0, 0, 0, 0, 0, 0, 2, 0, 0, 0, 0, 0, 0, 0, 0, 0, 0, 0, 0, 0, 2, 0, 0, 0, 2, 4, 0, 0, 0, 0, 0, 0, 0, 0, 0, 0, 0, 0, 0, 0, 0, 0, 0, 0, 0, 0, 0, 0, 0, 0, 0, 0, 0, 0, 0, 0, 0, 0, 0, 0, 0, 0, 0, 0, 
News-Android-App/, Jenkins, 0, 1, 1, 0, 0, 0, 0, 4, 0, 4, 56, 0, 8, 12, 18, 0, 161, 2, 0, 4, 0, 19, 0, 0, 0, 0, 0, 0, 14, 2, 8, 0, 0, 6, 1, 151, 1, 0, 0, 3, 0, 1, 0, 0, 0, 0, 1, 0, 0, 0, 0, 20, 3, 0, 0, 8, 0, 1, 2, 28, 54, 0, 0, 0, 0, 0, 0, 1, 0, 1, 0, 2, 0, 4, 0, 1, 27, 0, 0, 1, 16, 0, 8, 198, 7, 0, 2, 0, 1, 0, 1, 1, 4, 6, 3, 8, 0, 0, 0, 3, 0, 0, 4, 7, 0, 1, 8, 0, 2, 0, 0, 0, 0, 2, 0, 0, 0, 0, 0, 61, 0, 1, 24, 0, 0, 0, 0, 4, 4, 16, 8, 3, 1, 24, 0, 12, 0, 0, 8, 1, 0, 1, 0, 0, 16, 64, 0, 0, 7, 0, 2, 0, 0, 0, 15, 7, 4, 109, 0, 0, 1, 1, 0, 0, 1, 151, 0, 16, 0, 0, 0, 0, 8, 0, 0, 8, 0, 0, 16, 0, 0, 16, 0, 4, 26, 4, 0, 5, 9, 0, 2, 1, 52, 0, 20, 4, 0, 1, 0, 0, 0, 0, 0, 0, 0, 0, 0, 0, 0, 1, 1, 0, 0, 0, 1, 8, 1, 0, 0, 9, 0, 0, 11, 8, 2, 0, 4, 4, 1, 11, 1110, 0, 8, 40, 0, 4, 4, 2, 10, 0, 5, 0, 1, 0, 5, 8, 0, 0, 106, 0, 0, 0, 1, 5, 9, 5, 1, 1, 0, 0, 7, 0, 8, 0, 20, 0, 24, 13, 0, 2, 0, 8, 2, 0, 0, 0, 0, 0, 0, 0, 3, 0, 2, 0, 0, 1, 4, 4, 0, 0, 2, 2, 0, 0, 0, 0, 7, 23, 0, 14, 10, 9, 2, 55, 7, 3, 0, 0, 4, 8, 5, 0, 0, 0, 0, 2, 0, 4, 0, 0, 0, 0, 12, 9, 0, 10, 0, 0, 0, 0, 12, 0, 1, 4, 1, 7, 2, 46, 0, 0, 32, 0, 0, 0, 0, 0, 0, 0, 0, 5, 0, 8, 1, 0, 0, 0, 2, 5, 0, 0, 1, 0, 0, 9, 0, 0, 12, 0, 1, 0, 0, 48, 0, 0, 0, 0, 1, 0, 0, 0, 7, 0, 56, 0, 0, 0, 0, 37, 0, 0, 1, 1, 0, 0, 0, 0, 0, 0, 0, 0, 0, 0, 25, 0, 10, 0, 0, 1, 13, 1, 0, 0, 12, 0, 0, 6, 0, 8, 4, 0, 0, 0, 5, 4, 0, 0, 0, 0, 0, 4, 4, 8, 0, 0, 0, 24, 7, 20, 2, 2, 2, 0, 7, 0, 0, 19, 4, 0, 1, 1, 0, 4, 8, 0, 0, 0, 0, 12, 0, 12, 0, 0, 4, 0, 0, 0, 35, 1, 3, 6, 2, 5, 3, 0, 1, 2, 1, 1, 0, 2, 0, 17, 2, 0, 6, 0, 0, 0, 0, 79, 0, 0, 11, 0, 0, 1, 0, 6, 1, 0, 0, 1, 0, 1, 0, 74, 0, 0, 12, 4, 0, 0, 1, 0, 5, 677, 2, 1, 0, 0, 5, 1, 1, 0, 4, 2, 0, 0, 0, 0, 94, 6, 0, 16, 0, 0, 0, 2, 0, 0, 2, 16, 0, 1, 0, 2, 0, 8, 0, 0, 0, 4, 0, 0, 
News-Android-App/, innerand, 0, 0, 0, 0, 0, 0, 0, 0, 0, 0, 0, 0, 0, 0, 0, 0, 0, 0, 0, 0, 1, 0, 0, 0, 0, 0, 0, 0, 0, 0, 0, 0, 0, 0, 0, 0, 0, 0, 0, 0, 0, 0, 0, 0, 0, 0, 0, 0, 0, 0, 0, 0, 0, 0, 0, 0, 0, 0, 0, 0, 0, 0, 0, 0, 0, 0, 0, 0, 0, 0, 0, 0, 0, 0, 0, 0, 0, 0, 0, 0, 0, 0, 0, 1, 0, 0, 0, 0, 0, 0, 0, 0, 0, 0, 0, 0, 0, 0, 0, 0, 0, 0, 0, 0, 0, 0, 0, 0, 0, 0, 0, 0, 0, 0, 0, 0, 0, 0, 0, 0, 0, 0, 0, 0, 0, 0, 0, 0, 0, 0, 0, 0, 0, 0, 0, 0, 0, 0, 0, 0, 0, 0, 0, 0, 0, 0, 0, 0, 0, 0, 0, 0, 0, 0, 0, 0, 0, 0, 0, 0, 0, 0, 0, 0, 0, 0, 0, 0, 0, 0, 0, 0, 0, 0, 0, 0, 0, 0, 0, 0, 0, 0, 0, 0, 0, 0, 0, 0, 0, 0, 0, 0, 0, 0, 0, 0, 0, 0, 0, 0, 0, 0, 0, 0, 0, 0, 0, 0, 0, 0, 0, 0, 0, 0, 0, 0, 0, 0, 0, 0, 0, 0, 0, 0, 0, 0, 0, 0, 0, 0, 3, 0, 0, 0, 0, 0, 0, 0, 0, 0, 0, 0, 0, 0, 0, 0, 0, 0, 0, 0, 0, 0, 0, 0, 0, 0, 0, 0, 0, 0, 0, 0, 0, 0, 0, 0, 0, 1, 0, 0, 0, 0, 0, 0, 0, 0, 0, 0, 0, 0, 0, 0, 0, 0, 0, 0, 0, 0, 0, 0, 0, 0, 0, 0, 0, 0, 0, 0, 0, 0, 0, 0, 0, 0, 0, 0, 0, 0, 0, 0, 0, 0, 0, 0, 0, 0, 0, 0, 0, 0, 0, 0, 0, 0, 0, 0, 0, 0, 0, 0, 0, 0, 0, 0, 0, 0, 0, 0, 0, 0, 0, 0, 0, 0, 0, 0, 0, 0, 0, 0, 0, 0, 0, 0, 0, 0, 0, 0, 0, 0, 0, 0, 0, 0, 0, 0, 0, 0, 0, 0, 0, 0, 0, 0, 0, 0, 0, 0, 0, 0, 0, 0, 0, 0, 0, 0, 0, 0, 0, 0, 0, 0, 0, 0, 0, 0, 0, 0, 0, 0, 0, 0, 0, 0, 0, 0, 0, 0, 0, 0, 0, 0, 0, 0, 0, 0, 0, 0, 0, 0, 0, 0, 0, 0, 0, 0, 0, 0, 0, 0, 0, 0, 0, 0, 0, 0, 0, 0, 0, 0, 0, 0, 0, 0, 0, 0, 0, 0, 0, 0, 0, 1, 0, 0, 0, 0, 0, 0, 0, 0, 0, 0, 0, 0, 0, 0, 0, 0, 0, 0, 0, 0, 0, 0, 0, 0, 0, 0, 0, 0, 0, 0, 0, 0, 0, 0, 0, 0, 0, 0, 0, 0, 0, 0, 0, 0, 0, 0, 0, 0, 0, 0, 0, 0, 0, 0, 0, 0, 0, 0, 0, 0, 0, 0, 0, 7, 0, 0, 0, 0, 0, 0, 0, 0, 0, 0, 0, 0, 0, 0, 0, 0, 0, 0, 0, 0, 0, 0, 0, 0, 0, 1, 0, 0, 0, 0, 0, 0, 0, 0, 0, 4, 0, 0, 
News-Android-App/, Keith, 0, 0, 0, 0, 0, 0, 0, 0, 0, 0, 0, 0, 0, 0, 0, 0, 0, 0, 0, 0, 0, 0, 0, 0, 0, 0, 0, 0, 0, 0, 0, 0, 0, 0, 0, 0, 0, 0, 0, 0, 0, 0, 0, 0, 0, 0, 0, 0, 0, 0, 0, 0, 0, 0, 0, 0, 0, 0, 0, 0, 0, 0, 0, 0, 0, 0, 0, 0, 0, 0, 0, 0, 0, 0, 0, 0, 0, 0, 0, 0, 0, 0, 0, 0, 0, 0, 0, 0, 0, 0, 0, 0, 0, 0, 0, 0, 0, 0, 0, 0, 0, 0, 0, 0, 0, 0, 0, 0, 0, 0, 0, 0, 0, 0, 0, 0, 0, 0, 0, 0, 0, 0, 0, 0, 0, 0, 0, 0, 0, 0, 0, 0, 0, 0, 0, 0, 0, 0, 0, 0, 0, 0, 0, 0, 0, 0, 0, 0, 0, 0, 0, 0, 0, 0, 0, 0, 0, 0, 0, 0, 0, 0, 0, 0, 0, 0, 0, 0, 0, 0, 0, 0, 0, 0, 0, 0, 0, 0, 0, 0, 0, 0, 0, 0, 0, 0, 0, 0, 0, 0, 0, 0, 0, 0, 0, 0, 0, 0, 0, 0, 0, 0, 0, 0, 0, 0, 0, 0, 0, 0, 0, 0, 0, 0, 0, 0, 0, 0, 0, 0, 0, 0, 0, 0, 0, 0, 0, 0, 0, 0, 0, 0, 0, 0, 0, 0, 0, 0, 0, 0, 0, 0, 0, 0, 0, 0, 0, 0, 0, 0, 0, 0, 0, 0, 0, 0, 0, 0, 0, 0, 0, 0, 0, 0, 0, 0, 0, 0, 0, 0, 0, 0, 0, 0, 0, 0, 0, 0, 0, 0, 0, 0, 0, 0, 0, 0, 0, 0, 0, 0, 0, 0, 0, 0, 0, 0, 0, 0, 0, 0, 0, 0, 0, 0, 0, 0, 0, 0, 0, 0, 0, 0, 0, 0, 0, 0, 0, 0, 0, 0, 0, 0, 0, 0, 0, 0, 0, 0, 0, 0, 0, 0, 0, 0, 0, 0, 0, 0, 0, 0, 0, 0, 0, 0, 0, 0, 0, 0, 0, 0, 0, 0, 0, 0, 0, 0, 0, 0, 0, 0, 0, 0, 0, 0, 0, 0, 0, 0, 0, 0, 0, 0, 0, 0, 0, 0, 0, 0, 0, 0, 0, 0, 0, 0, 0, 0, 0, 0, 0, 0, 0, 0, 0, 0, 0, 0, 0, 0, 0, 0, 0, 0, 0, 0, 0, 0, 0, 0, 0, 0, 0, 0, 0, 0, 0, 0, 0, 0, 0, 0, 0, 0, 0, 0, 0, 0, 0, 0, 0, 0, 0, 0, 0, 0, 0, 0, 0, 0, 0, 0, 0, 0, 0, 0, 0, 0, 0, 0, 0, 0, 0, 0, 0, 0, 0, 0, 0, 0, 0, 0, 0, 0, 0, 0, 0, 0, 0, 0, 0, 0, 0, 0, 0, 0, 0, 0, 0, 0, 0, 0, 0, 0, 0, 0, 0, 0, 0, 0, 0, 0, 0, 0, 0, 0, 0, 0, 0, 0, 0, 0, 0, 0, 0, 0, 0, 0, 0, 0, 0, 0, 0, 0, 0, 0, 0, 0, 0, 0, 0, 0, 0, 0, 0, 0, 0, 0, 0, 0, 0, 0, 0, 0, 0, 0, 0, 0, 0, 0, 0, 0, 0, 0, 0, 0, 0, 0, 0, 0, 0, 0, 0, 0, 0, 0, 
News-Android-App/, david, 0, 0, 0, 0, 0, 0, 0, 0, 0, 10, 60, 0, 0, 10, 9, 0, 69, 0, 2, 0, 0, 0, 0, 0, 0, 0, 0, 0, 11, 0, 8, 0, 0, 0, 0, 121, 0, 0, 0, 0, 0, 0, 0, 0, 6, 0, 0, 0, 0, 3, 0, 6, 0, 0, 0, 0, 0, 0, 0, 0, 60, 6, 0, 0, 0, 0, 0, 0, 0, 0, 0, 0, 0, 0, 0, 0, 6, 0, 2, 0, 28, 0, 0, 51, 0, 0, 0, 0, 0, 0, 0, 0, 0, 0, 0, 0, 0, 0, 0, 0, 0, 0, 8, 12, 0, 0, 95, 0, 0, 0, 0, 0, 0, 0, 0, 0, 0, 0, 1, 97, 0, 13, 0, 0, 0, 0, 0, 0, 0, 10, 2, 0, 0, 0, 5, 0, 0, 0, 0, 0, 0, 0, 0, 0, 3, 86, 0, 10, 13, 0, 0, 0, 0, 0, 2, 7, 0, 46, 0, 0, 0, 0, 0, 0, 0, 369, 0, 0, 0, 0, 0, 0, 0, 0, 18, 6, 0, 0, 10, 0, 4, 18, 0, 4, 10, 0, 10, 0, 4, 0, 0, 0, 20, 0, 0, 0, 0, 0, 0, 0, 0, 0, 0, 0, 0, 0, 0, 0, 0, 0, 0, 0, 0, 0, 0, 3, 31, 0, 0, 0, 0, 0, 6, 9, 0, 5, 11, 0, 3, 0, 700, 0, 0, 8, 0, 0, 2, 0, 8, 2, 0, 0, 0, 3, 0, 4, 12, 0, 21, 0, 5, 0, 0, 15, 0, 0, 0, 0, 0, 0, 5, 0, 0, 0, 11, 0, 9, 7, 0, 0, 0, 0, 0, 0, 0, 0, 0, 0, 0, 3, 0, 0, 0, 0, 0, 0, 4, 0, 0, 0, 0, 0, 0, 0, 3, 0, 4, 10, 0, 0, 9, 0, 0, 100, 8, 0, 0, 0, 44, 9, 0, 0, 0, 0, 0, 0, 0, 0, 20, 0, 0, 0, 0, 0, 0, 11, 0, 0, 0, 0, 0, 0, 0, 5, 0, 4, 0, 18, 0, 0, 46, 0, 0, 0, 3, 0, 0, 3, 0, 6, 0, 15, 0, 0, 0, 0, 0, 0, 0, 0, 0, 4, 10, 4, 0, 0, 9, 0, 0, 0, 0, 44, 0, 0, 0, 0, 0, 0, 0, 0, 0, 0, 41, 6, 0, 0, 0, 0, 0, 0, 0, 0, 0, 0, 0, 0, 0, 0, 0, 0, 0, 0, 19, 0, 0, 0, 0, 0, 0, 0, 0, 0, 0, 3, 0, 0, 0, 7, 0, 3, 3, 0, 11, 12, 0, 0, 0, 0, 6, 0, 0, 0, 0, 0, 0, 0, 0, 8, 0, 0, 0, 0, 4, 3, 0, 11, 0, 0, 0, 0, 0, 4, 0, 0, 0, 2, 0, 0, 0, 4, 0, 0, 0, 0, 6, 0, 0, 0, 0, 0, 0, 0, 0, 0, 0, 1, 0, 0, 0, 0, 3, 0, 0, 0, 2, 0, 0, 0, 0, 26, 0, 0, 8, 0, 8, 0, 0, 0, 0, 0, 0, 0, 0, 0, 0, 74, 0, 0, 0, 3, 0, 0, 6, 0, 3, 502, 0, 0, 0, 0, 8, 0, 0, 0, 3, 0, 0, 0, 0, 0, 67, 0, 0, 13, 0, 0, 0, 0, 0, 5, 0, 12, 0, 0, 4, 2, 0, 0, 0, 0, 0, 4, 0, 0, 
