Project, Author, org.neo4j.community.console.Index, Console, org.neo4j.kernel.guard.Guard, org.neo4j.rest.graphdb.query.RestCypherQueryEngine, java.lang.Runtime, java.util.Map$Entry, org.eclipse.jetty.webapp.WebAppContext, org.neo4j.rest.graphdb.entity.RestNode, org.neo4j.graphdb.factory.GraphDatabaseBuilder, java.util.List, java.lang.Throwable, org.eclipse.jetty.server.Server, org.neo4j.community.console.DatabaseInfo, spark.Request, Path, org.neo4j.graphdb.Transaction, org.neo4j.cypher.QueryStatistics, org.neo4j.community.console.Node, org.neo4j.server.web.WebServer, javax.servlet.http.HttpSession, org.neo4j.community.console.SubGraph, org.neo4j.logging.FormattedLogProvider, java.util.Collection, java.util.LinkedHashMap, GuardingRequestFilter, org.neo4j.kernel.TopLevelTransaction, java.net.URL, org.neo4j.community.console.Console, java.lang.reflect.Array, ConsoleApplication, org.neo4j.graphdb.Node, org.neo4j.cypher.javacompat.ExecutionEngine, org.neo4j.community.console.GraphInfo, javax.servlet.ServletContext, Label, org.neo4j.kernel.impl.core.ThreadToStatementContextBridge, spark.Response, org.neo4j.graphdb.ResourceIterable, javax.servlet.http.HttpSessionEvent, Relationship, GraphInfo, org.neo4j.community.console.Relationship, java.util.HashMap, org.neo4j.graphdb.Path, org.neo4j.community.console.Neo4jService, com.google.gson.Gson, javax.transaction.Transaction, org.neo4j.graphdb.Relationship, Transaction, PropertyContainer, java.lang.Iterable, org.neo4j.rest.graphdb.util.QueryResult, org.neo4j.graphdb.index.RelationshipAutoIndexer, org.apache.commons.httpclient.methods.PostMethod, org.neo4j.graphdb.PropertyContainer, java.io.InputStream, org.neo4j.community.console.PropertyContainer, org.neo4j.community.console.GeoffExportService, org.slf4j.Logger, java.lang.ThreadLocal, org.neo4j.community.console.CypherQueryExecutor, org.neo4j.community.console.ServletResponse, org.eclipse.jetty.server.handler.HandlerList, org.neo4j.community.console.FilterChain, DependencyResolver, java.util.Enumeration, Graph, java.util.Map, java.util.SortedMap, org.neo4j.rest.graphdb.RestAPI, boolean, java.net.URI, java.lang.String, org.neo4j.community.console.RestIndex, Node, org.neo4j.community.console.GeoffImportService, javax.servlet.http.HttpServletRequest, java.lang.Integer, long, org.neo4j.community.console.CypherExportService, org.neo4j.community.console.GraphDatabaseService, org.neo4j.community.console.CypherQueryExecutor$CypherResult, org.neo4j.cypher.javacompat.QueryStatistics, java.lang.StringBuilder, java.lang.Class, java.util.Iterator, org.neo4j.community.console.TestWebServer, org.eclipse.jetty.server.Handler, org.neo4j.graphdb.GraphDatabaseService, java.lang.Object, org.neo4j.community.console.ResultPrinter, org.neo4j.server.NeoServer, java.util.HashSet, org.neo4j.graphdb.ResourceIterator, java.util.regex.Matcher, java.lang.StringBuffer, org.neo4j.tooling.GlobalGraphOperations, DatabaseInfo, SubGraph, org.neo4j.rest.graphdb.RestGraphDatabase, int, java.io.StringWriter, java.lang.Long, java.util.regex.Pattern, char, org.neo4j.community.console.AutoIndexer, org.neo4j.cypher.javacompat.internal.ServerExecutionEngine, org.neo4j.community.console.Transaction, CypherQueryExecutor.CypherResult, org.neo4j.server.configuration.Configurator, org.neo4j.community.console.ServletRequest, java.util.Timer, CypherQueryExecutor, org.neo4j.community.console.GraphStorage, org.neo4j.community.console.Graph, org.neo4j.kernel.GraphDatabaseAPI, org.neo4j.geoff.Subgraph, org.neo4j.rest.graphdb.RequestResult, org.neo4j.test.ImpermanentGraphDatabase, org.neo4j.community.console.GeoffService, ConsoleApplication.Neo4jService, java.util.Set, org.neo4j.cypher.javacompat.ExecutionResult, javax.servlet.http.HttpServletResponse, java.util.Random, javax.servlet.FilterConfig, org.neo4j.community.console.ConsoleService, java.lang.ref.WeakReference, java.io.PrintWriter, scala, Neo4jService, org.apache.commons.httpclient.HttpClient, org.neo4j.community.console.FilterConfig, org.neo4j.cypher.javacompat.PlanDescription, 
rabbithole/, Jonatan, 0, 0, 0, 0, 0, 0, 0, 0, 0, 0, 0, 0, 0, 0, 0, 0, 0, 0, 0, 0, 0, 0, 0, 0, 0, 0, 0, 0, 0, 0, 0, 0, 0, 0, 0, 0, 0, 0, 0, 0, 0, 0, 0, 0, 0, 0, 0, 0, 0, 0, 0, 0, 0, 0, 0, 0, 0, 0, 0, 0, 0, 0, 0, 0, 0, 0, 0, 0, 0, 0, 0, 0, 0, 0, 0, 0, 0, 0, 0, 0, 0, 0, 0, 0, 0, 0, 0, 0, 0, 0, 0, 0, 0, 0, 0, 0, 0, 0, 0, 0, 0, 0, 0, 0, 0, 0, 0, 0, 0, 0, 0, 0, 0, 0, 0, 0, 0, 0, 0, 0, 0, 0, 0, 0, 0, 0, 0, 0, 0, 0, 0, 0, 0, 0, 
rabbithole/, Stefan, 0, 0, 0, 0, 0, 0, 2, 0, 0, 0, 0, 0, 0, 0, 0, 0, 0, 0, 0, 0, 0, 0, 0, 0, 1, 0, 0, 0, 0, 0, 0, 0, 0, 0, 0, 0, 0, 0, 0, 0, 0, 0, 0, 0, 0, 0, 0, 0, 0, 0, 0, 0, 0, 0, 0, 0, 0, 0, 0, 0, 0, 0, 1, 0, 0, 0, 0, 0, 0, 0, 0, 0, 2, 0, 0, 0, 0, 1, 0, 0, 0, 0, 0, 0, 0, 0, 0, 1, 0, 0, 0, 0, 0, 0, 0, 0, 0, 0, 0, 0, 5, 0, 0, 0, 0, 0, 0, 0, 0, 0, 0, 0, 0, 0, 0, 0, 0, 0, 0, 0, 0, 0, 0, 0, 0, 0, 0, 0, 0, 0, 0, 0, 1, 0, 
rabbithole/, Andreas, 0, 0, 0, 0, 0, 0, 0, 0, 0, 0, 0, 0, 0, 0, 0, 0, 0, 0, 0, 0, 0, 0, 0, 0, 0, 0, 0, 0, 0, 0, 0, 0, 0, 0, 0, 0, 0, 0, 0, 0, 0, 0, 0, 0, 0, 0, 0, 0, 0, 0, 0, 0, 0, 0, 0, 0, 0, 0, 0, 0, 0, 0, 0, 0, 0, 0, 0, 0, 0, 0, 0, 0, 0, 0, 0, 0, 0, 0, 0, 0, 0, 0, 0, 0, 0, 0, 0, 0, 0, 0, 0, 0, 0, 0, 0, 0, 0, 0, 0, 0, 0, 0, 0, 0, 0, 0, 0, 0, 0, 0, 0, 0, 0, 0, 0, 0, 0, 0, 0, 0, 0, 0, 0, 0, 0, 0, 0, 0, 0, 0, 0, 0, 0, 0, 
rabbithole/, Nigel, 0, 0, 0, 0, 0, 0, 0, 0, 0, 0, 0, 0, 0, 0, 0, 0, 0, 0, 0, 0, 0, 0, 0, 0, 0, 0, 0, 0, 0, 0, 0, 0, 0, 0, 0, 0, 0, 0, 0, 0, 0, 0, 0, 0, 0, 0, 0, 0, 0, 0, 0, 0, 0, 0, 0, 0, 0, 0, 0, 0, 0, 0, 0, 0, 0, 0, 0, 0, 0, 0, 0, 0, 0, 0, 0, 0, 0, 0, 0, 0, 0, 0, 0, 0, 0, 0, 0, 0, 0, 0, 0, 0, 0, 0, 0, 0, 0, 0, 0, 0, 0, 0, 0, 0, 0, 0, 0, 0, 0, 0, 0, 0, 0, 0, 0, 0, 0, 0, 0, 0, 0, 0, 0, 0, 0, 0, 0, 0, 0, 0, 0, 0, 0, 0, 
rabbithole/, Christophe, 0, 0, 0, 0, 0, 0, 0, 0, 0, 0, 0, 0, 0, 0, 0, 0, 0, 0, 0, 0, 0, 0, 0, 0, 0, 0, 0, 0, 0, 0, 0, 0, 0, 0, 0, 0, 0, 0, 0, 0, 0, 0, 0, 0, 0, 0, 0, 0, 0, 0, 0, 0, 0, 0, 0, 0, 0, 0, 0, 0, 0, 0, 0, 0, 0, 0, 0, 0, 0, 0, 0, 0, 0, 0, 0, 0, 0, 0, 0, 0, 0, 0, 0, 0, 0, 0, 0, 0, 0, 0, 0, 0, 0, 0, 0, 0, 0, 0, 0, 0, 0, 0, 0, 0, 0, 0, 0, 0, 0, 0, 0, 0, 0, 0, 0, 0, 0, 0, 0, 0, 0, 0, 0, 0, 0, 0, 0, 0, 0, 0, 0, 0, 0, 0, 
rabbithole/, Wes, 0, 0, 0, 0, 0, 0, 0, 0, 0, 0, 0, 0, 0, 0, 0, 0, 0, 0, 0, 0, 0, 0, 0, 0, 0, 0, 0, 0, 0, 0, 0, 0, 0, 0, 0, 0, 0, 0, 0, 0, 0, 0, 0, 0, 0, 0, 0, 0, 0, 0, 0, 0, 0, 0, 0, 0, 0, 0, 0, 0, 0, 0, 0, 0, 0, 0, 0, 0, 0, 0, 0, 0, 0, 0, 0, 0, 0, 0, 0, 0, 0, 0, 0, 0, 0, 0, 0, 0, 0, 0, 0, 0, 0, 0, 0, 0, 0, 0, 0, 0, 0, 0, 0, 0, 0, 0, 0, 0, 0, 0, 0, 0, 0, 0, 0, 0, 0, 0, 0, 0, 0, 0, 0, 0, 0, 0, 0, 0, 0, 0, 0, 0, 0, 0, 
rabbithole/, Arnaud, 0, 0, 0, 0, 0, 0, 0, 0, 0, 0, 0, 0, 0, 0, 0, 0, 0, 0, 0, 0, 0, 0, 0, 0, 0, 0, 0, 0, 0, 0, 0, 0, 0, 0, 0, 0, 0, 0, 0, 0, 0, 0, 0, 0, 0, 0, 0, 0, 0, 0, 0, 0, 0, 0, 0, 0, 0, 0, 0, 0, 0, 0, 0, 0, 0, 0, 0, 0, 0, 0, 0, 0, 0, 0, 0, 0, 0, 0, 0, 0, 0, 0, 0, 0, 0, 0, 0, 0, 0, 0, 0, 0, 0, 0, 0, 0, 0, 0, 0, 0, 0, 0, 0, 0, 0, 0, 0, 0, 0, 0, 0, 0, 0, 0, 0, 0, 0, 0, 0, 0, 0, 0, 0, 0, 0, 0, 0, 0, 0, 0, 0, 0, 0, 0, 
rabbithole/, Florent, 0, 0, 0, 0, 0, 0, 0, 0, 0, 0, 0, 0, 0, 0, 0, 0, 0, 0, 0, 0, 0, 0, 0, 0, 0, 0, 0, 0, 0, 0, 0, 0, 0, 0, 0, 0, 0, 0, 0, 0, 0, 0, 0, 0, 0, 0, 0, 0, 0, 0, 0, 0, 0, 0, 0, 0, 0, 0, 0, 0, 0, 0, 0, 0, 0, 0, 0, 0, 0, 0, 0, 0, 0, 0, 0, 0, 0, 0, 0, 0, 0, 0, 0, 0, 0, 0, 0, 0, 0, 0, 0, 0, 0, 0, 0, 0, 0, 0, 0, 0, 0, 0, 0, 0, 0, 0, 0, 0, 0, 0, 0, 0, 0, 0, 0, 0, 0, 0, 0, 0, 0, 0, 0, 0, 0, 0, 0, 0, 0, 0, 0, 0, 0, 0, 
rabbithole/, Michael, 8, 1, 1, 4, 1, 12, 1, 3, 2, 27, 0, 3, 3, 105, 1, 3, 2, 11, 3, 15, 10, 0, 13, 1, 0, 3, 13, 1, 9, 1, 48, 2, 13, 3, 0, 2, 96, 1, 2, 17, 11, 5, 1, 2, 97, 1, 1, 16, 13, 0, 5, 1, 3, 3, 4, 7, 10, 0, 1, 1, 6, 3, 0, 3, 0, 2, 5, 180, 2, 7, 28, 3, 245, 4, 34, 0, 9, 5, 41, 0, 20, 3, 7, 36, 4, 6, 1, 0, 33, 32, 1, 1, 1, 1, 2, 0, 2, 5, 18, 1, 45, 1, 15, 1, 2, 4, 1, 1, 7, 1, 5, 0, 15, 2, 5, 3, 4, 0, 21, 1, 1, 2, 9, 2, 1, 2, 5, 2, 2, 2, 9, 8, 3, 0, 
rabbithole/, sylvainroussy, 0, 0, 0, 0, 0, 0, 0, 0, 0, 0, 0, 0, 0, 0, 0, 0, 0, 0, 0, 0, 0, 0, 0, 0, 0, 0, 0, 0, 0, 0, 0, 0, 0, 0, 0, 0, 0, 0, 0, 0, 0, 0, 0, 0, 0, 0, 0, 0, 0, 0, 0, 0, 0, 0, 0, 0, 0, 0, 0, 0, 0, 0, 0, 0, 0, 0, 0, 0, 0, 0, 0, 0, 0, 0, 0, 0, 0, 0, 0, 0, 0, 0, 0, 0, 0, 0, 0, 0, 0, 0, 0, 0, 0, 0, 0, 0, 0, 0, 0, 0, 0, 0, 0, 0, 0, 0, 0, 0, 0, 0, 0, 0, 0, 0, 0, 0, 0, 0, 0, 0, 0, 0, 0, 0, 0, 0, 0, 0, 0, 0, 0, 0, 0, 0, 
rabbithole/, Johannes, 0, 0, 0, 0, 0, 0, 0, 0, 0, 0, 0, 0, 0, 0, 0, 0, 0, 0, 0, 0, 0, 0, 0, 0, 0, 0, 0, 0, 0, 0, 0, 0, 0, 0, 0, 0, 0, 0, 0, 0, 0, 0, 0, 0, 0, 0, 0, 0, 0, 0, 0, 0, 0, 0, 0, 0, 0, 0, 0, 0, 0, 0, 0, 0, 0, 0, 0, 0, 0, 0, 0, 0, 0, 0, 0, 0, 0, 0, 0, 0, 0, 0, 0, 0, 0, 0, 0, 0, 0, 0, 0, 0, 0, 0, 0, 0, 0, 0, 0, 0, 0, 0, 0, 0, 0, 0, 0, 0, 0, 0, 0, 0, 0, 0, 0, 0, 0, 0, 0, 0, 0, 0, 0, 0, 0, 0, 0, 0, 0, 0, 0, 0, 0, 0, 
rabbithole/, peterneubauer, 0, 0, 0, 0, 0, 0, 0, 0, 0, 0, 0, 0, 0, 0, 0, 0, 0, 0, 0, 0, 0, 0, 0, 0, 0, 0, 0, 0, 0, 0, 0, 0, 0, 0, 0, 0, 0, 0, 0, 0, 0, 0, 0, 0, 0, 0, 0, 0, 0, 0, 0, 0, 0, 0, 0, 0, 0, 0, 0, 0, 0, 0, 0, 0, 0, 0, 0, 0, 0, 0, 0, 0, 0, 0, 0, 0, 0, 0, 0, 0, 0, 0, 0, 0, 0, 0, 0, 0, 0, 0, 0, 2, 0, 0, 0, 0, 0, 0, 0, 0, 0, 0, 0, 0, 0, 0, 0, 0, 0, 0, 0, 0, 0, 0, 0, 0, 0, 0, 0, 0, 0, 0, 0, 0, 0, 0, 0, 0, 0, 0, 0, 0, 0, 0, 
rabbithole/, Anders, 0, 0, 0, 0, 0, 0, 0, 0, 0, 0, 0, 0, 0, 0, 0, 0, 0, 0, 0, 0, 0, 0, 0, 0, 0, 0, 0, 0, 0, 0, 0, 0, 0, 0, 0, 0, 0, 0, 0, 0, 0, 0, 0, 0, 0, 0, 0, 0, 0, 0, 0, 0, 0, 0, 0, 0, 0, 0, 0, 0, 0, 0, 0, 0, 0, 0, 0, 0, 0, 0, 0, 0, 0, 0, 0, 0, 0, 0, 0, 0, 0, 0, 0, 0, 0, 0, 0, 0, 0, 0, 0, 0, 0, 0, 0, 0, 0, 0, 0, 0, 0, 0, 0, 0, 0, 0, 0, 0, 0, 0, 0, 0, 0, 0, 0, 0, 0, 0, 0, 0, 0, 0, 0, 0, 0, 0, 0, 0, 0, 0, 0, 0, 0, 0, 
rabbithole/, Paul, 0, 0, 0, 0, 0, 0, 0, 0, 0, 0, 0, 0, 0, 0, 0, 0, 0, 0, 0, 0, 0, 0, 0, 0, 0, 0, 0, 0, 0, 0, 0, 0, 0, 0, 0, 0, 0, 0, 0, 0, 0, 0, 0, 0, 0, 0, 0, 0, 0, 0, 0, 0, 0, 0, 0, 0, 0, 0, 0, 0, 0, 0, 0, 0, 0, 0, 0, 0, 0, 0, 0, 0, 0, 0, 0, 0, 0, 0, 0, 0, 0, 0, 0, 0, 0, 0, 0, 0, 0, 0, 0, 0, 0, 0, 0, 0, 0, 0, 0, 0, 0, 0, 0, 0, 0, 0, 0, 0, 0, 0, 0, 0, 0, 0, 0, 0, 0, 0, 0, 0, 0, 0, 0, 0, 0, 0, 0, 0, 0, 0, 0, 0, 0, 0, 
rabbithole/, Peter, 7, 1, 1, 1, 1, 13, 2, 1, 1, 28, 2, 3, 5, 20, 1, 17, 0, 11, 0, 2, 10, 1, 10, 1, 0, 4, 6, 1, 5, 0, 22, 0, 10, 3, 2, 1, 15, 0, 2, 13, 14, 5, 1, 0, 20, 1, 0, 1, 9, 1, 2, 1, 2, 1, 1, 1, 6, 1, 8, 1, 3, 3, 1, 3, 1, 2, 0, 113, 3, 4, 23, 2, 219, 1, 20, 1, 11, 3, 29, 1, 18, 1, 6, 24, 2, 3, 0, 1, 17, 25, 1, 2, 1, 0, 4, 1, 1, 5, 13, 0, 43, 1, 13, 4, 2, 3, 1, 2, 3, 0, 5, 1, 19, 2, 0, 1, 3, 1, 2, 0, 0, 5, 1, 2, 1, 2, 2, 0, 2, 0, 8, 2, 3, 2, 
